"AssessmentName","DisplayName","Severity","Status","StatusCause","StatusDescription","SecurityIssue","SecurityCategories","RecommendationCategory","Description","Remediation","ResourceId","ResourceName","ResourceType","ResourceGroupName","AssessmentId"
"67910945-e373-1f01-8cda-d736a982c39c","Update libcurl3-gnutls_for_linux","Medium","Unhealthy",,,"Vulnerability","Vulnerabilities","SoftwareUpdate",,,"/subscriptions/1acecba7-23bd-4d4d-9770-0b11998514dc/resourceGroups/RG-NWRI-JPE-20260709/providers/Microsoft.Compute/virtualMachines/vm-nwri-src-jpe","vm-nwri-src-jpe","Microsoft.Compute/virtualMachines","RG-NWRI-JPE-20260709","/subscriptions/1acecba7-23bd-4d4d-9770-0b11998514dc/resourceGroups/RG-NWRI-JPE-20260709/providers/Microsoft.Compute/virtualMachines/vm-nwri-src-jpe/providers/Microsoft.Security/assessments/67910945-e373-1f01-8cda-d736a982c39c"
"02b8ddd4-e2e8-c633-1103-1a0b588574ed","Update python3.10-minimal_for_linux","High","Unhealthy",,,"Vulnerability","Vulnerabilities","SoftwareUpdate",,,"/subscriptions/1acecba7-23bd-4d4d-9770-0b11998514dc/resourceGroups/RG-NWRI-JPE-20260709/providers/Microsoft.Compute/virtualMachines/vm-nwri-src-jpe","vm-nwri-src-jpe","Microsoft.Compute/virtualMachines","RG-NWRI-JPE-20260709","/subscriptions/1acecba7-23bd-4d4d-9770-0b11998514dc/resourceGroups/RG-NWRI-JPE-20260709/providers/Microsoft.Compute/virtualMachines/vm-nwri-src-jpe/providers/Microsoft.Security/assessments/02b8ddd4-e2e8-c633-1103-1a0b588574ed"
"0e0d5419-f22e-23a4-9504-e44e2c412d19","Update gzip_for_linux","High","Unhealthy",,,"Vulnerability","Vulnerabilities","SoftwareUpdate",,,"/subscriptions/1acecba7-23bd-4d4d-9770-0b11998514dc/resourceGroups/RG-NWRI-JPE-20260709/providers/Microsoft.Compute/virtualMachines/vm-nwri-src-jpe","vm-nwri-src-jpe","Microsoft.Compute/virtualMachines","RG-NWRI-JPE-20260709","/subscriptions/1acecba7-23bd-4d4d-9770-0b11998514dc/resourceGroups/RG-NWRI-JPE-20260709/providers/Microsoft.Compute/virtualMachines/vm-nwri-src-jpe/providers/Microsoft.Security/assessments/0e0d5419-f22e-23a4-9504-e44e2c412d19"
"2138c8d4-da80-f0da-8349-6b76bf9a5bff","Update xxd_for_linux","High","Unhealthy",,,"Vulnerability","Vulnerabilities","SoftwareUpdate",,,"/subscriptions/1acecba7-23bd-4d4d-9770-0b11998514dc/resourceGroups/RG-NWRI-JPE-20260709/providers/Microsoft.Compute/virtualMachines/vm-nwri-src-jpe","vm-nwri-src-jpe","Microsoft.Compute/virtualMachines","RG-NWRI-JPE-20260709","/subscriptions/1acecba7-23bd-4d4d-9770-0b11998514dc/resourceGroups/RG-NWRI-JPE-20260709/providers/Microsoft.Compute/virtualMachines/vm-nwri-src-jpe/providers/Microsoft.Security/assessments/2138c8d4-da80-f0da-8349-6b76bf9a5bff"
"af173089-8961-467f-5e21-9ca1b9a0a796","Update libsqlite3-0_for_linux","High","Unhealthy",,,"Vulnerability","Vulnerabilities","SoftwareUpdate",,,"/subscriptions/1acecba7-23bd-4d4d-9770-0b11998514dc/resourceGroups/RG-NWRI-JPE-20260709/providers/Microsoft.Compute/virtualMachines/vm-nwri-src-jpe","vm-nwri-src-jpe","Microsoft.Compute/virtualMachines","RG-NWRI-JPE-20260709","/subscriptions/1acecba7-23bd-4d4d-9770-0b11998514dc/resourceGroups/RG-NWRI-JPE-20260709/providers/Microsoft.Compute/virtualMachines/vm-nwri-src-jpe/providers/Microsoft.Security/assessments/af173089-8961-467f-5e21-9ca1b9a0a796"
"6e47b382-17c3-55be-2d0e-a43708342092","Update python3.10_for_linux","High","Unhealthy",,,"Vulnerability","Vulnerabilities","SoftwareUpdate",,,"/subscriptions/1acecba7-23bd-4d4d-9770-0b11998514dc/resourceGroups/RG-NWRI-JPE-20260709/providers/Microsoft.Compute/virtualMachines/vm-nwri-src-jpe","vm-nwri-src-jpe","Microsoft.Compute/virtualMachines","RG-NWRI-JPE-20260709","/subscriptions/1acecba7-23bd-4d4d-9770-0b11998514dc/resourceGroups/RG-NWRI-JPE-20260709/providers/Microsoft.Compute/virtualMachines/vm-nwri-src-jpe/providers/Microsoft.Security/assessments/6e47b382-17c3-55be-2d0e-a43708342092"
"bdd41bf4-7a0b-84e8-a312-b81802cab75d","Update libpython3.10-minimal_for_linux","High","Unhealthy",,,"Vulnerability","Vulnerabilities","SoftwareUpdate",,,"/subscriptions/1acecba7-23bd-4d4d-9770-0b11998514dc/resourceGroups/RG-NWRI-JPE-20260709/providers/Microsoft.Compute/virtualMachines/vm-nwri-src-jpe","vm-nwri-src-jpe","Microsoft.Compute/virtualMachines","RG-NWRI-JPE-20260709","/subscriptions/1acecba7-23bd-4d4d-9770-0b11998514dc/resourceGroups/RG-NWRI-JPE-20260709/providers/Microsoft.Compute/virtualMachines/vm-nwri-src-jpe/providers/Microsoft.Security/assessments/bdd41bf4-7a0b-84e8-a312-b81802cab75d"
"dfe6c0bc-8ac0-a5a9-544f-b0ceebb1aedc","Update vim-runtime_for_linux","High","Unhealthy",,,"Vulnerability","Vulnerabilities","SoftwareUpdate",,,"/subscriptions/1acecba7-23bd-4d4d-9770-0b11998514dc/resourceGroups/RG-NWRI-JPE-20260709/providers/Microsoft.Compute/virtualMachines/vm-nwri-src-jpe","vm-nwri-src-jpe","Microsoft.Compute/virtualMachines","RG-NWRI-JPE-20260709","/subscriptions/1acecba7-23bd-4d4d-9770-0b11998514dc/resourceGroups/RG-NWRI-JPE-20260709/providers/Microsoft.Compute/virtualMachines/vm-nwri-src-jpe/providers/Microsoft.Security/assessments/dfe6c0bc-8ac0-a5a9-544f-b0ceebb1aedc"
"666d6810-b6b9-88cd-7c10-d294a39c9928","Update libxml2_for_linux","High","Unhealthy",,,"Vulnerability","Vulnerabilities","SoftwareUpdate",,,"/subscriptions/1acecba7-23bd-4d4d-9770-0b11998514dc/resourceGroups/RG-NWRI-JPE-20260709/providers/Microsoft.Compute/virtualMachines/vm-nwri-src-jpe","vm-nwri-src-jpe","Microsoft.Compute/virtualMachines","RG-NWRI-JPE-20260709","/subscriptions/1acecba7-23bd-4d4d-9770-0b11998514dc/resourceGroups/RG-NWRI-JPE-20260709/providers/Microsoft.Compute/virtualMachines/vm-nwri-src-jpe/providers/Microsoft.Security/assessments/666d6810-b6b9-88cd-7c10-d294a39c9928"
"c9c6686b-531d-c006-7dce-d20e28b553e5","Update libnss3_for_linux","Medium","Unhealthy",,,"Vulnerability","Vulnerabilities","SoftwareUpdate",,,"/subscriptions/1acecba7-23bd-4d4d-9770-0b11998514dc/resourceGroups/RG-NWRI-JPE-20260709/providers/Microsoft.Compute/virtualMachines/vm-nwri-src-jpe","vm-nwri-src-jpe","Microsoft.Compute/virtualMachines","RG-NWRI-JPE-20260709","/subscriptions/1acecba7-23bd-4d4d-9770-0b11998514dc/resourceGroups/RG-NWRI-JPE-20260709/providers/Microsoft.Compute/virtualMachines/vm-nwri-src-jpe/providers/Microsoft.Security/assessments/c9c6686b-531d-c006-7dce-d20e28b553e5"
"502d04f7-af1d-8294-4576-cb662a7c8343","Update vim-common_for_linux","High","Unhealthy",,,"Vulnerability","Vulnerabilities","SoftwareUpdate",,,"/subscriptions/1acecba7-23bd-4d4d-9770-0b11998514dc/resourceGroups/RG-NWRI-JPE-20260709/providers/Microsoft.Compute/virtualMachines/vm-nwri-src-jpe","vm-nwri-src-jpe","Microsoft.Compute/virtualMachines","RG-NWRI-JPE-20260709","/subscriptions/1acecba7-23bd-4d4d-9770-0b11998514dc/resourceGroups/RG-NWRI-JPE-20260709/providers/Microsoft.Compute/virtualMachines/vm-nwri-src-jpe/providers/Microsoft.Security/assessments/502d04f7-af1d-8294-4576-cb662a7c8343"
"f441c515-342c-8c7a-3d14-77fedfb8df60","Update tar_for_linux","High","Unhealthy",,,"Vulnerability","Vulnerabilities","SoftwareUpdate",,,"/subscriptions/1acecba7-23bd-4d4d-9770-0b11998514dc/resourceGroups/RG-NWRI-JPE-20260709/providers/Microsoft.Compute/virtualMachines/vm-nwri-src-jpe","vm-nwri-src-jpe","Microsoft.Compute/virtualMachines","RG-NWRI-JPE-20260709","/subscriptions/1acecba7-23bd-4d4d-9770-0b11998514dc/resourceGroups/RG-NWRI-JPE-20260709/providers/Microsoft.Compute/virtualMachines/vm-nwri-src-jpe/providers/Microsoft.Security/assessments/f441c515-342c-8c7a-3d14-77fedfb8df60"
"ec3f812f-3b49-eb8f-3144-a6d80a6eaa1c","Update vim_for_linux","Medium","Unhealthy",,,"Vulnerability","Vulnerabilities","SoftwareUpdate",,,"/subscriptions/1acecba7-23bd-4d4d-9770-0b11998514dc/resourceGroups/RG-NWRI-JPE-20260709/providers/Microsoft.Compute/virtualMachines/vm-nwri-src-jpe","vm-nwri-src-jpe","Microsoft.Compute/virtualMachines","RG-NWRI-JPE-20260709","/subscriptions/1acecba7-23bd-4d4d-9770-0b11998514dc/resourceGroups/RG-NWRI-JPE-20260709/providers/Microsoft.Compute/virtualMachines/vm-nwri-src-jpe/providers/Microsoft.Security/assessments/ec3f812f-3b49-eb8f-3144-a6d80a6eaa1c"
"46f041d3-d4a3-58a3-2a40-bf486365f1e1","Update libnghttp2-14_for_linux","High","Unhealthy",,,"Vulnerability","Vulnerabilities","SoftwareUpdate",,,"/subscriptions/1acecba7-23bd-4d4d-9770-0b11998514dc/resourceGroups/RG-NWRI-JPE-20260709/providers/Microsoft.Compute/virtualMachines/vm-nwri-src-jpe","vm-nwri-src-jpe","Microsoft.Compute/virtualMachines","RG-NWRI-JPE-20260709","/subscriptions/1acecba7-23bd-4d4d-9770-0b11998514dc/resourceGroups/RG-NWRI-JPE-20260709/providers/Microsoft.Compute/virtualMachines/vm-nwri-src-jpe/providers/Microsoft.Security/assessments/46f041d3-d4a3-58a3-2a40-bf486365f1e1"
"6bd0dfe8-15a5-ecea-5c64-d6578169f7db","Update libpython3.10_for_linux","High","Unhealthy",,,"Vulnerability","Vulnerabilities","SoftwareUpdate",,,"/subscriptions/1acecba7-23bd-4d4d-9770-0b11998514dc/resourceGroups/RG-NWRI-JPE-20260709/providers/Microsoft.Compute/virtualMachines/vm-nwri-src-jpe","vm-nwri-src-jpe","Microsoft.Compute/virtualMachines","RG-NWRI-JPE-20260709","/subscriptions/1acecba7-23bd-4d4d-9770-0b11998514dc/resourceGroups/RG-NWRI-JPE-20260709/providers/Microsoft.Compute/virtualMachines/vm-nwri-src-jpe/providers/Microsoft.Security/assessments/6bd0dfe8-15a5-ecea-5c64-d6578169f7db"
"150c470e-8ffb-23c2-b798-1a50763b2a44","Update cifs-utils_for_linux","Medium","Unhealthy",,,"Vulnerability","Vulnerabilities","SoftwareUpdate",,,"/subscriptions/1acecba7-23bd-4d4d-9770-0b11998514dc/resourceGroups/RG-NWRI-JPE-20260709/providers/Microsoft.Compute/virtualMachines/vm-nwri-src-jpe","vm-nwri-src-jpe","Microsoft.Compute/virtualMachines","RG-NWRI-JPE-20260709","/subscriptions/1acecba7-23bd-4d4d-9770-0b11998514dc/resourceGroups/RG-NWRI-JPE-20260709/providers/Microsoft.Compute/virtualMachines/vm-nwri-src-jpe/providers/Microsoft.Security/assessments/150c470e-8ffb-23c2-b798-1a50763b2a44"
"cc236e65-c4b8-4e4a-a284-2d1965badacf","Update vim-tiny_for_linux","High","Unhealthy",,,"Vulnerability","Vulnerabilities","SoftwareUpdate",,,"/subscriptions/1acecba7-23bd-4d4d-9770-0b11998514dc/resourceGroups/RG-NWRI-JPE-20260709/providers/Microsoft.Compute/virtualMachines/vm-nwri-src-jpe","vm-nwri-src-jpe","Microsoft.Compute/virtualMachines","RG-NWRI-JPE-20260709","/subscriptions/1acecba7-23bd-4d4d-9770-0b11998514dc/resourceGroups/RG-NWRI-JPE-20260709/providers/Microsoft.Compute/virtualMachines/vm-nwri-src-jpe/providers/Microsoft.Security/assessments/cc236e65-c4b8-4e4a-a284-2d1965badacf"
"ae319ed0-d1f3-b83a-0166-915bd54cce8e","Update libpython3.10-stdlib_for_linux","High","Unhealthy",,,"Vulnerability","Vulnerabilities","SoftwareUpdate",,,"/subscriptions/1acecba7-23bd-4d4d-9770-0b11998514dc/resourceGroups/RG-NWRI-JPE-20260709/providers/Microsoft.Compute/virtualMachines/vm-nwri-src-jpe","vm-nwri-src-jpe","Microsoft.Compute/virtualMachines","RG-NWRI-JPE-20260709","/subscriptions/1acecba7-23bd-4d4d-9770-0b11998514dc/resourceGroups/RG-NWRI-JPE-20260709/providers/Microsoft.Compute/virtualMachines/vm-nwri-src-jpe/providers/Microsoft.Security/assessments/ae319ed0-d1f3-b83a-0166-915bd54cce8e"
"4490cbb5-7c85-9f41-8e79-45e7bc88da03","Update libwbclient0_for_linux","High","Unhealthy",,,"Vulnerability","Vulnerabilities","SoftwareUpdate",,,"/subscriptions/1acecba7-23bd-4d4d-9770-0b11998514dc/resourceGroups/RG-NWRI-JPE-20260709/providers/Microsoft.Compute/virtualMachines/vm-nwri-src-jpe","vm-nwri-src-jpe","Microsoft.Compute/virtualMachines","RG-NWRI-JPE-20260709","/subscriptions/1acecba7-23bd-4d4d-9770-0b11998514dc/resourceGroups/RG-NWRI-JPE-20260709/providers/Microsoft.Compute/virtualMachines/vm-nwri-src-jpe/providers/Microsoft.Security/assessments/4490cbb5-7c85-9f41-8e79-45e7bc88da03"
"96e25b87-e920-8dfb-50a9-bb38d8ba4c4c","Update python3-idna_for_linux","Medium","Unhealthy",,,"Vulnerability","Vulnerabilities","SoftwareUpdate",,,"/subscriptions/1acecba7-23bd-4d4d-9770-0b11998514dc/resourceGroups/RG-NWRI-JPE-20260709/providers/Microsoft.Compute/virtualMachines/vm-nwri-src-jpe","vm-nwri-src-jpe","Microsoft.Compute/virtualMachines","RG-NWRI-JPE-20260709","/subscriptions/1acecba7-23bd-4d4d-9770-0b11998514dc/resourceGroups/RG-NWRI-JPE-20260709/providers/Microsoft.Compute/virtualMachines/vm-nwri-src-jpe/providers/Microsoft.Security/assessments/96e25b87-e920-8dfb-50a9-bb38d8ba4c4c"
"0eb43387-0e67-e2b5-4e77-d4fde3118af8","Update wget_for_linux","Medium","Unhealthy",,,"Vulnerability","Vulnerabilities","SoftwareUpdate",,,"/subscriptions/1acecba7-23bd-4d4d-9770-0b11998514dc/resourceGroups/RG-NWRI-JPE-20260709/providers/Microsoft.Compute/virtualMachines/vm-nwri-src-jpe","vm-nwri-src-jpe","Microsoft.Compute/virtualMachines","RG-NWRI-JPE-20260709","/subscriptions/1acecba7-23bd-4d4d-9770-0b11998514dc/resourceGroups/RG-NWRI-JPE-20260709/providers/Microsoft.Compute/virtualMachines/vm-nwri-src-jpe/providers/Microsoft.Security/assessments/0eb43387-0e67-e2b5-4e77-d4fde3118af8"
"861f54da-31ef-fcb2-2637-658a4edbf4f9","Update edge_chromium-based","High","Unhealthy",,,"Vulnerability","Vulnerabilities","SoftwareUpdate",,,"/subscriptions/1acecba7-23bd-4d4d-9770-0b11998514dc/resourceGroups/rg-migrate-demo-je-001/providers/Microsoft.Compute/virtualMachines/vm-amig-win-001","vm-amig-win-001","Microsoft.Compute/virtualMachines","rg-migrate-demo-je-001","/subscriptions/1acecba7-23bd-4d4d-9770-0b11998514dc/resourceGroups/rg-migrate-demo-je-001/providers/Microsoft.Compute/virtualMachines/vm-amig-win-001/providers/Microsoft.Security/assessments/861f54da-31ef-fcb2-2637-658a4edbf4f9"
"e82c270a-fcc9-a487-3c85-edd04a1e2b71","Update libgssapi-krb5-2_for_linux","High","Unhealthy",,,"Vulnerability","Vulnerabilities","SoftwareUpdate",,,"/subscriptions/1acecba7-23bd-4d4d-9770-0b11998514dc/resourceGroups/RG-NWRI-JPE-20260709/providers/Microsoft.Compute/virtualMachines/vm-nwri-dst-jpe","vm-nwri-dst-jpe","Microsoft.Compute/virtualMachines","RG-NWRI-JPE-20260709","/subscriptions/1acecba7-23bd-4d4d-9770-0b11998514dc/resourceGroups/RG-NWRI-JPE-20260709/providers/Microsoft.Compute/virtualMachines/vm-nwri-dst-jpe/providers/Microsoft.Security/assessments/e82c270a-fcc9-a487-3c85-edd04a1e2b71"
"30ecd67e-91fd-6c79-829f-a2888e6dc8e5","Update libk5crypto3_for_linux","High","Unhealthy",,,"Vulnerability","Vulnerabilities","SoftwareUpdate",,,"/subscriptions/1acecba7-23bd-4d4d-9770-0b11998514dc/resourceGroups/RG-NWRI-JPE-20260709/providers/Microsoft.Compute/virtualMachines/vm-nwri-dst-jpe","vm-nwri-dst-jpe","Microsoft.Compute/virtualMachines","RG-NWRI-JPE-20260709","/subscriptions/1acecba7-23bd-4d4d-9770-0b11998514dc/resourceGroups/RG-NWRI-JPE-20260709/providers/Microsoft.Compute/virtualMachines/vm-nwri-dst-jpe/providers/Microsoft.Security/assessments/30ecd67e-91fd-6c79-829f-a2888e6dc8e5"
"5efa7fb6-cede-a673-0181-833c04ffa6e4","Update libkrb5support0_for_linux","High","Unhealthy",,,"Vulnerability","Vulnerabilities","SoftwareUpdate",,,"/subscriptions/1acecba7-23bd-4d4d-9770-0b11998514dc/resourceGroups/RG-NWRI-JPE-20260709/providers/Microsoft.Compute/virtualMachines/vm-nwri-dst-jpe","vm-nwri-dst-jpe","Microsoft.Compute/virtualMachines","RG-NWRI-JPE-20260709","/subscriptions/1acecba7-23bd-4d4d-9770-0b11998514dc/resourceGroups/RG-NWRI-JPE-20260709/providers/Microsoft.Compute/virtualMachines/vm-nwri-dst-jpe/providers/Microsoft.Security/assessments/5efa7fb6-cede-a673-0181-833c04ffa6e4"
"600de3c8-59c6-7d7a-c7ae-52f7189c0e10","Update libarchive13_for_linux","Medium","Unhealthy",,,"Vulnerability","Vulnerabilities","SoftwareUpdate",,,"/subscriptions/1acecba7-23bd-4d4d-9770-0b11998514dc/resourceGroups/RG-NWRI-JPE-20260709/providers/Microsoft.Compute/virtualMachines/vm-nwri-dst-jpe","vm-nwri-dst-jpe","Microsoft.Compute/virtualMachines","RG-NWRI-JPE-20260709","/subscriptions/1acecba7-23bd-4d4d-9770-0b11998514dc/resourceGroups/RG-NWRI-JPE-20260709/providers/Microsoft.Compute/virtualMachines/vm-nwri-dst-jpe/providers/Microsoft.Security/assessments/600de3c8-59c6-7d7a-c7ae-52f7189c0e10"
"a00261f0-f839-f550-e46a-bde700fe78a3","Update libkrb5-3_for_linux","High","Unhealthy",,,"Vulnerability","Vulnerabilities","SoftwareUpdate",,,"/subscriptions/1acecba7-23bd-4d4d-9770-0b11998514dc/resourceGroups/RG-NWRI-JPE-20260709/providers/Microsoft.Compute/virtualMachines/vm-nwri-dst-jpe","vm-nwri-dst-jpe","Microsoft.Compute/virtualMachines","RG-NWRI-JPE-20260709","/subscriptions/1acecba7-23bd-4d4d-9770-0b11998514dc/resourceGroups/RG-NWRI-JPE-20260709/providers/Microsoft.Compute/virtualMachines/vm-nwri-dst-jpe/providers/Microsoft.Security/assessments/a00261f0-f839-f550-e46a-bde700fe78a3"
"5ded5b64-c337-393a-ca2e-3741f029a07d","Update gawk_for_linux","Low","Unhealthy",,,"Vulnerability","Vulnerabilities","SoftwareUpdate",,,"/subscriptions/1acecba7-23bd-4d4d-9770-0b11998514dc/resourceGroups/RG-NWRI-JPE-20260709/providers/Microsoft.Compute/virtualMachines/vm-nwri-dst-jpe","vm-nwri-dst-jpe","Microsoft.Compute/virtualMachines","RG-NWRI-JPE-20260709","/subscriptions/1acecba7-23bd-4d4d-9770-0b11998514dc/resourceGroups/RG-NWRI-JPE-20260709/providers/Microsoft.Compute/virtualMachines/vm-nwri-dst-jpe/providers/Microsoft.Security/assessments/5ded5b64-c337-393a-ca2e-3741f029a07d"
"c1b716ec-cc7a-f077-6259-054d18c16e02","Update libpam-modules-bin_for_linux","High","Unhealthy",,,"Vulnerability","Vulnerabilities","SoftwareUpdate",,,"/subscriptions/1acecba7-23bd-4d4d-9770-0b11998514dc/resourceGroups/RG-NWRI-JPE-20260709/providers/Microsoft.Compute/virtualMachines/vm-nwri-dst-jpe","vm-nwri-dst-jpe","Microsoft.Compute/virtualMachines","RG-NWRI-JPE-20260709","/subscriptions/1acecba7-23bd-4d4d-9770-0b11998514dc/resourceGroups/RG-NWRI-JPE-20260709/providers/Microsoft.Compute/virtualMachines/vm-nwri-dst-jpe/providers/Microsoft.Security/assessments/c1b716ec-cc7a-f077-6259-054d18c16e02"
"fddfb13d-e35a-3014-2a6b-9a6149b042bc","Update libxpm4_for_linux","High","Unhealthy",,,"Vulnerability","Vulnerabilities","SoftwareUpdate",,,"/subscriptions/1acecba7-23bd-4d4d-9770-0b11998514dc/resourceGroups/RG-NWRI-JPE-20260709/providers/Microsoft.Compute/virtualMachines/vm-nwri-dst-jpe","vm-nwri-dst-jpe","Microsoft.Compute/virtualMachines","RG-NWRI-JPE-20260709","/subscriptions/1acecba7-23bd-4d4d-9770-0b11998514dc/resourceGroups/RG-NWRI-JPE-20260709/providers/Microsoft.Compute/virtualMachines/vm-nwri-dst-jpe/providers/Microsoft.Security/assessments/fddfb13d-e35a-3014-2a6b-9a6149b042bc"
"74cccb8a-96d7-f987-b1b5-99c3c97ee30e","Update libpam-runtime_for_linux","Medium","Unhealthy",,,"Vulnerability","Vulnerabilities","SoftwareUpdate",,,"/subscriptions/1acecba7-23bd-4d4d-9770-0b11998514dc/resourceGroups/RG-NWRI-JPE-20260709/providers/Microsoft.Compute/virtualMachines/vm-nwri-dst-jpe","vm-nwri-dst-jpe","Microsoft.Compute/virtualMachines","RG-NWRI-JPE-20260709","/subscriptions/1acecba7-23bd-4d4d-9770-0b11998514dc/resourceGroups/RG-NWRI-JPE-20260709/providers/Microsoft.Compute/virtualMachines/vm-nwri-dst-jpe/providers/Microsoft.Security/assessments/74cccb8a-96d7-f987-b1b5-99c3c97ee30e"
"3bd8fce2-eb09-dd5c-d59c-98ecde99c51b","Update libpam0g_for_linux","High","Unhealthy",,,"Vulnerability","Vulnerabilities","SoftwareUpdate",,,"/subscriptions/1acecba7-23bd-4d4d-9770-0b11998514dc/resourceGroups/RG-NWRI-JPE-20260709/providers/Microsoft.Compute/virtualMachines/vm-nwri-dst-jpe","vm-nwri-dst-jpe","Microsoft.Compute/virtualMachines","RG-NWRI-JPE-20260709","/subscriptions/1acecba7-23bd-4d4d-9770-0b11998514dc/resourceGroups/RG-NWRI-JPE-20260709/providers/Microsoft.Compute/virtualMachines/vm-nwri-dst-jpe/providers/Microsoft.Security/assessments/3bd8fce2-eb09-dd5c-d59c-98ecde99c51b"
"af08af03-e065-79c2-b19e-8fa8f92e7250","Update rsyslog_for_linux","High","Unhealthy",,,"Vulnerability","Vulnerabilities","SoftwareUpdate",,,"/subscriptions/1acecba7-23bd-4d4d-9770-0b11998514dc/resourceGroups/RG-NWRI-JPE-20260709/providers/Microsoft.Compute/virtualMachines/vm-nwri-dst-jpe","vm-nwri-dst-jpe","Microsoft.Compute/virtualMachines","RG-NWRI-JPE-20260709","/subscriptions/1acecba7-23bd-4d4d-9770-0b11998514dc/resourceGroups/RG-NWRI-JPE-20260709/providers/Microsoft.Compute/virtualMachines/vm-nwri-dst-jpe/providers/Microsoft.Security/assessments/af08af03-e065-79c2-b19e-8fa8f92e7250"
"b70558fb-48d9-931b-8b44-e6de0924738c","Update libpam-modules_for_linux","Medium","Unhealthy",,,"Vulnerability","Vulnerabilities","SoftwareUpdate",,,"/subscriptions/1acecba7-23bd-4d4d-9770-0b11998514dc/resourceGroups/RG-NWRI-JPE-20260709/providers/Microsoft.Compute/virtualMachines/vm-nwri-dst-jpe","vm-nwri-dst-jpe","Microsoft.Compute/virtualMachines","RG-NWRI-JPE-20260709","/subscriptions/1acecba7-23bd-4d4d-9770-0b11998514dc/resourceGroups/RG-NWRI-JPE-20260709/providers/Microsoft.Compute/virtualMachines/vm-nwri-dst-jpe/providers/Microsoft.Security/assessments/b70558fb-48d9-931b-8b44-e6de0924738c"
"74cccb8a-96d7-f987-b1b5-99c3c97ee30e","Update libpam-runtime_for_linux","Medium","Unhealthy",,,"Vulnerability","Vulnerabilities","SoftwareUpdate",,,"/subscriptions/1acecba7-23bd-4d4d-9770-0b11998514dc/resourceGroups/RG-NWRI-JPE-20260709/providers/Microsoft.Compute/virtualMachines/vm-nwri-src-jpe","vm-nwri-src-jpe","Microsoft.Compute/virtualMachines","RG-NWRI-JPE-20260709","/subscriptions/1acecba7-23bd-4d4d-9770-0b11998514dc/resourceGroups/RG-NWRI-JPE-20260709/providers/Microsoft.Compute/virtualMachines/vm-nwri-src-jpe/providers/Microsoft.Security/assessments/74cccb8a-96d7-f987-b1b5-99c3c97ee30e"
"af08af03-e065-79c2-b19e-8fa8f92e7250","Update rsyslog_for_linux","High","Unhealthy",,,"Vulnerability","Vulnerabilities","SoftwareUpdate",,,"/subscriptions/1acecba7-23bd-4d4d-9770-0b11998514dc/resourceGroups/RG-NWRI-JPE-20260709/providers/Microsoft.Compute/virtualMachines/vm-nwri-src-jpe","vm-nwri-src-jpe","Microsoft.Compute/virtualMachines","RG-NWRI-JPE-20260709","/subscriptions/1acecba7-23bd-4d4d-9770-0b11998514dc/resourceGroups/RG-NWRI-JPE-20260709/providers/Microsoft.Compute/virtualMachines/vm-nwri-src-jpe/providers/Microsoft.Security/assessments/af08af03-e065-79c2-b19e-8fa8f92e7250"
"b70558fb-48d9-931b-8b44-e6de0924738c","Update libpam-modules_for_linux","Medium","Unhealthy",,,"Vulnerability","Vulnerabilities","SoftwareUpdate",,,"/subscriptions/1acecba7-23bd-4d4d-9770-0b11998514dc/resourceGroups/RG-NWRI-JPE-20260709/providers/Microsoft.Compute/virtualMachines/vm-nwri-src-jpe","vm-nwri-src-jpe","Microsoft.Compute/virtualMachines","RG-NWRI-JPE-20260709","/subscriptions/1acecba7-23bd-4d4d-9770-0b11998514dc/resourceGroups/RG-NWRI-JPE-20260709/providers/Microsoft.Compute/virtualMachines/vm-nwri-src-jpe/providers/Microsoft.Security/assessments/b70558fb-48d9-931b-8b44-e6de0924738c"
"c1b716ec-cc7a-f077-6259-054d18c16e02","Update libpam-modules-bin_for_linux","High","Unhealthy",,,"Vulnerability","Vulnerabilities","SoftwareUpdate",,,"/subscriptions/1acecba7-23bd-4d4d-9770-0b11998514dc/resourceGroups/RG-NWRI-JPE-20260709/providers/Microsoft.Compute/virtualMachines/vm-nwri-src-jpe","vm-nwri-src-jpe","Microsoft.Compute/virtualMachines","RG-NWRI-JPE-20260709","/subscriptions/1acecba7-23bd-4d4d-9770-0b11998514dc/resourceGroups/RG-NWRI-JPE-20260709/providers/Microsoft.Compute/virtualMachines/vm-nwri-src-jpe/providers/Microsoft.Security/assessments/c1b716ec-cc7a-f077-6259-054d18c16e02"
"3bd8fce2-eb09-dd5c-d59c-98ecde99c51b","Update libpam0g_for_linux","High","Unhealthy",,,"Vulnerability","Vulnerabilities","SoftwareUpdate",,,"/subscriptions/1acecba7-23bd-4d4d-9770-0b11998514dc/resourceGroups/RG-NWRI-JPE-20260709/providers/Microsoft.Compute/virtualMachines/vm-nwri-src-jpe","vm-nwri-src-jpe","Microsoft.Compute/virtualMachines","RG-NWRI-JPE-20260709","/subscriptions/1acecba7-23bd-4d4d-9770-0b11998514dc/resourceGroups/RG-NWRI-JPE-20260709/providers/Microsoft.Compute/virtualMachines/vm-nwri-src-jpe/providers/Microsoft.Security/assessments/3bd8fce2-eb09-dd5c-d59c-98ecde99c51b"
"e0726efe-3996-0eba-0770-aca6a81d0050","Update libnss3","Medium","Unhealthy",,,"BestPractices","Misconfigurations","SystemUpdate",,,"/subscriptions/1acecba7-23bd-4d4d-9770-0b11998514dc/resourceGroups/rg-pw-ops-dev-jpe-27161/providers/Microsoft.Compute/virtualMachines/vm-pw-ops-dev-jpw-27161","vm-pw-ops-dev-jpw-27161","Microsoft.Compute/virtualMachines","rg-pw-ops-dev-jpe-27161","/subscriptions/1acecba7-23bd-4d4d-9770-0b11998514dc/resourceGroups/rg-pw-ops-dev-jpe-27161/providers/Microsoft.Compute/virtualMachines/vm-pw-ops-dev-jpw-27161/providers/Microsoft.Security/assessments/e0726efe-3996-0eba-0770-aca6a81d0050"
"dc16ab7f-9910-cb1a-6f06-683834afddca","Update libsqlite3-0","Medium","Unhealthy",,,"BestPractices","Misconfigurations","SystemUpdate",,,"/subscriptions/1acecba7-23bd-4d4d-9770-0b11998514dc/resourceGroups/rg-pw-ops-dev-jpe-27161/providers/Microsoft.Compute/virtualMachines/vm-pw-ops-dev-jpw-27161","vm-pw-ops-dev-jpw-27161","Microsoft.Compute/virtualMachines","rg-pw-ops-dev-jpe-27161","/subscriptions/1acecba7-23bd-4d4d-9770-0b11998514dc/resourceGroups/rg-pw-ops-dev-jpe-27161/providers/Microsoft.Compute/virtualMachines/vm-pw-ops-dev-jpw-27161/providers/Microsoft.Security/assessments/dc16ab7f-9910-cb1a-6f06-683834afddca"
"20378074-1f1e-afe8-38d2-e5566490bc42","Update libxml2","Medium","Unhealthy",,,"BestPractices","Misconfigurations","SystemUpdate",,,"/subscriptions/1acecba7-23bd-4d4d-9770-0b11998514dc/resourceGroups/rg-pw-ops-dev-jpe-27161/providers/Microsoft.Compute/virtualMachines/vm-pw-ops-dev-jpw-27161","vm-pw-ops-dev-jpw-27161","Microsoft.Compute/virtualMachines","rg-pw-ops-dev-jpe-27161","/subscriptions/1acecba7-23bd-4d4d-9770-0b11998514dc/resourceGroups/rg-pw-ops-dev-jpe-27161/providers/Microsoft.Compute/virtualMachines/vm-pw-ops-dev-jpw-27161/providers/Microsoft.Security/assessments/20378074-1f1e-afe8-38d2-e5566490bc42"
"bf7055db-4661-464b-e2bd-e31ed61a7dc6","Update tar","Medium","Unhealthy",,,"BestPractices","Misconfigurations","SystemUpdate",,,"/subscriptions/1acecba7-23bd-4d4d-9770-0b11998514dc/resourceGroups/rg-pw-ops-dev-jpe-27161/providers/Microsoft.Compute/virtualMachines/vm-pw-ops-dev-jpw-27161","vm-pw-ops-dev-jpw-27161","Microsoft.Compute/virtualMachines","rg-pw-ops-dev-jpe-27161","/subscriptions/1acecba7-23bd-4d4d-9770-0b11998514dc/resourceGroups/rg-pw-ops-dev-jpe-27161/providers/Microsoft.Compute/virtualMachines/vm-pw-ops-dev-jpw-27161/providers/Microsoft.Security/assessments/bf7055db-4661-464b-e2bd-e31ed61a7dc6"
"861998f8-bb29-6f68-1dfc-3d1ac8b13506","Update vim","Medium","Unhealthy",,,"BestPractices","Misconfigurations","SystemUpdate",,,"/subscriptions/1acecba7-23bd-4d4d-9770-0b11998514dc/resourceGroups/rg-pw-ops-dev-jpe-27161/providers/Microsoft.Compute/virtualMachines/vm-pw-ops-dev-jpw-27161","vm-pw-ops-dev-jpw-27161","Microsoft.Compute/virtualMachines","rg-pw-ops-dev-jpe-27161","/subscriptions/1acecba7-23bd-4d4d-9770-0b11998514dc/resourceGroups/rg-pw-ops-dev-jpe-27161/providers/Microsoft.Compute/virtualMachines/vm-pw-ops-dev-jpw-27161/providers/Microsoft.Security/assessments/861998f8-bb29-6f68-1dfc-3d1ac8b13506"
"a99cb3a5-b419-4b4c-20de-11533d426fd3","Update vim-common","Medium","Unhealthy",,,"BestPractices","Misconfigurations","SystemUpdate",,,"/subscriptions/1acecba7-23bd-4d4d-9770-0b11998514dc/resourceGroups/rg-pw-ops-dev-jpe-27161/providers/Microsoft.Compute/virtualMachines/vm-pw-ops-dev-jpw-27161","vm-pw-ops-dev-jpw-27161","Microsoft.Compute/virtualMachines","rg-pw-ops-dev-jpe-27161","/subscriptions/1acecba7-23bd-4d4d-9770-0b11998514dc/resourceGroups/rg-pw-ops-dev-jpe-27161/providers/Microsoft.Compute/virtualMachines/vm-pw-ops-dev-jpw-27161/providers/Microsoft.Security/assessments/a99cb3a5-b419-4b4c-20de-11533d426fd3"
"5c96c924-e665-d622-32c1-3474bfa338f9","Update vim-runtime","Medium","Unhealthy",,,"BestPractices","Misconfigurations","SystemUpdate",,,"/subscriptions/1acecba7-23bd-4d4d-9770-0b11998514dc/resourceGroups/rg-pw-ops-dev-jpe-27161/providers/Microsoft.Compute/virtualMachines/vm-pw-ops-dev-jpw-27161","vm-pw-ops-dev-jpw-27161","Microsoft.Compute/virtualMachines","rg-pw-ops-dev-jpe-27161","/subscriptions/1acecba7-23bd-4d4d-9770-0b11998514dc/resourceGroups/rg-pw-ops-dev-jpe-27161/providers/Microsoft.Compute/virtualMachines/vm-pw-ops-dev-jpw-27161/providers/Microsoft.Security/assessments/5c96c924-e665-d622-32c1-3474bfa338f9"
"e29d370b-6387-5cd8-97a3-71e2626930e0","Update vim-tiny","Medium","Unhealthy",,,"BestPractices","Misconfigurations","SystemUpdate",,,"/subscriptions/1acecba7-23bd-4d4d-9770-0b11998514dc/resourceGroups/rg-pw-ops-dev-jpe-27161/providers/Microsoft.Compute/virtualMachines/vm-pw-ops-dev-jpw-27161","vm-pw-ops-dev-jpw-27161","Microsoft.Compute/virtualMachines","rg-pw-ops-dev-jpe-27161","/subscriptions/1acecba7-23bd-4d4d-9770-0b11998514dc/resourceGroups/rg-pw-ops-dev-jpe-27161/providers/Microsoft.Compute/virtualMachines/vm-pw-ops-dev-jpw-27161/providers/Microsoft.Security/assessments/e29d370b-6387-5cd8-97a3-71e2626930e0"
"9b4bc025-2778-c089-92a3-8c06cc87632a","Update xxd","Medium","Unhealthy",,,"BestPractices","Misconfigurations","SystemUpdate",,,"/subscriptions/1acecba7-23bd-4d4d-9770-0b11998514dc/resourceGroups/rg-pw-ops-dev-jpe-27161/providers/Microsoft.Compute/virtualMachines/vm-pw-ops-dev-jpw-27161","vm-pw-ops-dev-jpw-27161","Microsoft.Compute/virtualMachines","rg-pw-ops-dev-jpe-27161","/subscriptions/1acecba7-23bd-4d4d-9770-0b11998514dc/resourceGroups/rg-pw-ops-dev-jpe-27161/providers/Microsoft.Compute/virtualMachines/vm-pw-ops-dev-jpw-27161/providers/Microsoft.Security/assessments/9b4bc025-2778-c089-92a3-8c06cc87632a"
"ae319ed0-d1f3-b83a-0166-915bd54cce8e","Update libpython3.10-stdlib_for_linux","High","Unhealthy",,,"Vulnerability","Vulnerabilities","SoftwareUpdate",,,"/subscriptions/1acecba7-23bd-4d4d-9770-0b11998514dc/resourceGroups/RG-NWRI-JPE-20260709/providers/Microsoft.Compute/virtualMachines/vm-nwri-dst-jpe","vm-nwri-dst-jpe","Microsoft.Compute/virtualMachines","RG-NWRI-JPE-20260709","/subscriptions/1acecba7-23bd-4d4d-9770-0b11998514dc/resourceGroups/RG-NWRI-JPE-20260709/providers/Microsoft.Compute/virtualMachines/vm-nwri-dst-jpe/providers/Microsoft.Security/assessments/ae319ed0-d1f3-b83a-0166-915bd54cce8e"
"bdd41bf4-7a0b-84e8-a312-b81802cab75d","Update libpython3.10-minimal_for_linux","High","Unhealthy",,,"Vulnerability","Vulnerabilities","SoftwareUpdate",,,"/subscriptions/1acecba7-23bd-4d4d-9770-0b11998514dc/resourceGroups/RG-NWRI-JPE-20260709/providers/Microsoft.Compute/virtualMachines/vm-nwri-dst-jpe","vm-nwri-dst-jpe","Microsoft.Compute/virtualMachines","RG-NWRI-JPE-20260709","/subscriptions/1acecba7-23bd-4d4d-9770-0b11998514dc/resourceGroups/RG-NWRI-JPE-20260709/providers/Microsoft.Compute/virtualMachines/vm-nwri-dst-jpe/providers/Microsoft.Security/assessments/bdd41bf4-7a0b-84e8-a312-b81802cab75d"
"dfe6c0bc-8ac0-a5a9-544f-b0ceebb1aedc","Update vim-runtime_for_linux","High","Unhealthy",,,"Vulnerability","Vulnerabilities","SoftwareUpdate",,,"/subscriptions/1acecba7-23bd-4d4d-9770-0b11998514dc/resourceGroups/RG-NWRI-JPE-20260709/providers/Microsoft.Compute/virtualMachines/vm-nwri-dst-jpe","vm-nwri-dst-jpe","Microsoft.Compute/virtualMachines","RG-NWRI-JPE-20260709","/subscriptions/1acecba7-23bd-4d4d-9770-0b11998514dc/resourceGroups/RG-NWRI-JPE-20260709/providers/Microsoft.Compute/virtualMachines/vm-nwri-dst-jpe/providers/Microsoft.Security/assessments/dfe6c0bc-8ac0-a5a9-544f-b0ceebb1aedc"
"f441c515-342c-8c7a-3d14-77fedfb8df60","Update tar_for_linux","High","Unhealthy",,,"Vulnerability","Vulnerabilities","SoftwareUpdate",,,"/subscriptions/1acecba7-23bd-4d4d-9770-0b11998514dc/resourceGroups/RG-NWRI-JPE-20260709/providers/Microsoft.Compute/virtualMachines/vm-nwri-dst-jpe","vm-nwri-dst-jpe","Microsoft.Compute/virtualMachines","RG-NWRI-JPE-20260709","/subscriptions/1acecba7-23bd-4d4d-9770-0b11998514dc/resourceGroups/RG-NWRI-JPE-20260709/providers/Microsoft.Compute/virtualMachines/vm-nwri-dst-jpe/providers/Microsoft.Security/assessments/f441c515-342c-8c7a-3d14-77fedfb8df60"
"666d6810-b6b9-88cd-7c10-d294a39c9928","Update libxml2_for_linux","High","Unhealthy",,,"Vulnerability","Vulnerabilities","SoftwareUpdate",,,"/subscriptions/1acecba7-23bd-4d4d-9770-0b11998514dc/resourceGroups/RG-NWRI-JPE-20260709/providers/Microsoft.Compute/virtualMachines/vm-nwri-dst-jpe","vm-nwri-dst-jpe","Microsoft.Compute/virtualMachines","RG-NWRI-JPE-20260709","/subscriptions/1acecba7-23bd-4d4d-9770-0b11998514dc/resourceGroups/RG-NWRI-JPE-20260709/providers/Microsoft.Compute/virtualMachines/vm-nwri-dst-jpe/providers/Microsoft.Security/assessments/666d6810-b6b9-88cd-7c10-d294a39c9928"
"c9c6686b-531d-c006-7dce-d20e28b553e5","Update libnss3_for_linux","Medium","Unhealthy",,,"Vulnerability","Vulnerabilities","SoftwareUpdate",,,"/subscriptions/1acecba7-23bd-4d4d-9770-0b11998514dc/resourceGroups/RG-NWRI-JPE-20260709/providers/Microsoft.Compute/virtualMachines/vm-nwri-dst-jpe","vm-nwri-dst-jpe","Microsoft.Compute/virtualMachines","RG-NWRI-JPE-20260709","/subscriptions/1acecba7-23bd-4d4d-9770-0b11998514dc/resourceGroups/RG-NWRI-JPE-20260709/providers/Microsoft.Compute/virtualMachines/vm-nwri-dst-jpe/providers/Microsoft.Security/assessments/c9c6686b-531d-c006-7dce-d20e28b553e5"
"6e47b382-17c3-55be-2d0e-a43708342092","Update python3.10_for_linux","High","Unhealthy",,,"Vulnerability","Vulnerabilities","SoftwareUpdate",,,"/subscriptions/1acecba7-23bd-4d4d-9770-0b11998514dc/resourceGroups/RG-NWRI-JPE-20260709/providers/Microsoft.Compute/virtualMachines/vm-nwri-dst-jpe","vm-nwri-dst-jpe","Microsoft.Compute/virtualMachines","RG-NWRI-JPE-20260709","/subscriptions/1acecba7-23bd-4d4d-9770-0b11998514dc/resourceGroups/RG-NWRI-JPE-20260709/providers/Microsoft.Compute/virtualMachines/vm-nwri-dst-jpe/providers/Microsoft.Security/assessments/6e47b382-17c3-55be-2d0e-a43708342092"
"af173089-8961-467f-5e21-9ca1b9a0a796","Update libsqlite3-0_for_linux","High","Unhealthy",,,"Vulnerability","Vulnerabilities","SoftwareUpdate",,,"/subscriptions/1acecba7-23bd-4d4d-9770-0b11998514dc/resourceGroups/RG-NWRI-JPE-20260709/providers/Microsoft.Compute/virtualMachines/vm-nwri-dst-jpe","vm-nwri-dst-jpe","Microsoft.Compute/virtualMachines","RG-NWRI-JPE-20260709","/subscriptions/1acecba7-23bd-4d4d-9770-0b11998514dc/resourceGroups/RG-NWRI-JPE-20260709/providers/Microsoft.Compute/virtualMachines/vm-nwri-dst-jpe/providers/Microsoft.Security/assessments/af173089-8961-467f-5e21-9ca1b9a0a796"
"79c83b76-d552-f0fe-88cd-5ee16d74c31d","Update curl_for_linux","Medium","Unhealthy",,,"Vulnerability","Vulnerabilities","SoftwareUpdate",,,"/subscriptions/1acecba7-23bd-4d4d-9770-0b11998514dc/resourceGroups/RG-NWRI-JPE-20260709/providers/Microsoft.Compute/virtualMachines/vm-nwri-dst-jpe","vm-nwri-dst-jpe","Microsoft.Compute/virtualMachines","RG-NWRI-JPE-20260709","/subscriptions/1acecba7-23bd-4d4d-9770-0b11998514dc/resourceGroups/RG-NWRI-JPE-20260709/providers/Microsoft.Compute/virtualMachines/vm-nwri-dst-jpe/providers/Microsoft.Security/assessments/79c83b76-d552-f0fe-88cd-5ee16d74c31d"
"ec3f812f-3b49-eb8f-3144-a6d80a6eaa1c","Update vim_for_linux","Medium","Unhealthy",,,"Vulnerability","Vulnerabilities","SoftwareUpdate",,,"/subscriptions/1acecba7-23bd-4d4d-9770-0b11998514dc/resourceGroups/RG-NWRI-JPE-20260709/providers/Microsoft.Compute/virtualMachines/vm-nwri-dst-jpe","vm-nwri-dst-jpe","Microsoft.Compute/virtualMachines","RG-NWRI-JPE-20260709","/subscriptions/1acecba7-23bd-4d4d-9770-0b11998514dc/resourceGroups/RG-NWRI-JPE-20260709/providers/Microsoft.Compute/virtualMachines/vm-nwri-dst-jpe/providers/Microsoft.Security/assessments/ec3f812f-3b49-eb8f-3144-a6d80a6eaa1c"
"2138c8d4-da80-f0da-8349-6b76bf9a5bff","Update xxd_for_linux","High","Unhealthy",,,"Vulnerability","Vulnerabilities","SoftwareUpdate",,,"/subscriptions/1acecba7-23bd-4d4d-9770-0b11998514dc/resourceGroups/RG-NWRI-JPE-20260709/providers/Microsoft.Compute/virtualMachines/vm-nwri-dst-jpe","vm-nwri-dst-jpe","Microsoft.Compute/virtualMachines","RG-NWRI-JPE-20260709","/subscriptions/1acecba7-23bd-4d4d-9770-0b11998514dc/resourceGroups/RG-NWRI-JPE-20260709/providers/Microsoft.Compute/virtualMachines/vm-nwri-dst-jpe/providers/Microsoft.Security/assessments/2138c8d4-da80-f0da-8349-6b76bf9a5bff"
"150c470e-8ffb-23c2-b798-1a50763b2a44","Update cifs-utils_for_linux","Medium","Unhealthy",,,"Vulnerability","Vulnerabilities","SoftwareUpdate",,,"/subscriptions/1acecba7-23bd-4d4d-9770-0b11998514dc/resourceGroups/RG-NWRI-JPE-20260709/providers/Microsoft.Compute/virtualMachines/vm-nwri-dst-jpe","vm-nwri-dst-jpe","Microsoft.Compute/virtualMachines","RG-NWRI-JPE-20260709","/subscriptions/1acecba7-23bd-4d4d-9770-0b11998514dc/resourceGroups/RG-NWRI-JPE-20260709/providers/Microsoft.Compute/virtualMachines/vm-nwri-dst-jpe/providers/Microsoft.Security/assessments/150c470e-8ffb-23c2-b798-1a50763b2a44"
"502d04f7-af1d-8294-4576-cb662a7c8343","Update vim-common_for_linux","High","Unhealthy",,,"Vulnerability","Vulnerabilities","SoftwareUpdate",,,"/subscriptions/1acecba7-23bd-4d4d-9770-0b11998514dc/resourceGroups/RG-NWRI-JPE-20260709/providers/Microsoft.Compute/virtualMachines/vm-nwri-dst-jpe","vm-nwri-dst-jpe","Microsoft.Compute/virtualMachines","RG-NWRI-JPE-20260709","/subscriptions/1acecba7-23bd-4d4d-9770-0b11998514dc/resourceGroups/RG-NWRI-JPE-20260709/providers/Microsoft.Compute/virtualMachines/vm-nwri-dst-jpe/providers/Microsoft.Security/assessments/502d04f7-af1d-8294-4576-cb662a7c8343"
"0e0d5419-f22e-23a4-9504-e44e2c412d19","Update gzip_for_linux","High","Unhealthy",,,"Vulnerability","Vulnerabilities","SoftwareUpdate",,,"/subscriptions/1acecba7-23bd-4d4d-9770-0b11998514dc/resourceGroups/RG-NWRI-JPE-20260709/providers/Microsoft.Compute/virtualMachines/vm-nwri-dst-jpe","vm-nwri-dst-jpe","Microsoft.Compute/virtualMachines","RG-NWRI-JPE-20260709","/subscriptions/1acecba7-23bd-4d4d-9770-0b11998514dc/resourceGroups/RG-NWRI-JPE-20260709/providers/Microsoft.Compute/virtualMachines/vm-nwri-dst-jpe/providers/Microsoft.Security/assessments/0e0d5419-f22e-23a4-9504-e44e2c412d19"
"7a3ae025-6271-dc54-eef7-4f17ba5fe3a6","Update libcurl4_for_linux","Medium","Unhealthy",,,"Vulnerability","Vulnerabilities","SoftwareUpdate",,,"/subscriptions/1acecba7-23bd-4d4d-9770-0b11998514dc/resourceGroups/RG-NWRI-JPE-20260709/providers/Microsoft.Compute/virtualMachines/vm-nwri-dst-jpe","vm-nwri-dst-jpe","Microsoft.Compute/virtualMachines","RG-NWRI-JPE-20260709","/subscriptions/1acecba7-23bd-4d4d-9770-0b11998514dc/resourceGroups/RG-NWRI-JPE-20260709/providers/Microsoft.Compute/virtualMachines/vm-nwri-dst-jpe/providers/Microsoft.Security/assessments/7a3ae025-6271-dc54-eef7-4f17ba5fe3a6"
"46f041d3-d4a3-58a3-2a40-bf486365f1e1","Update libnghttp2-14_for_linux","High","Unhealthy",,,"Vulnerability","Vulnerabilities","SoftwareUpdate",,,"/subscriptions/1acecba7-23bd-4d4d-9770-0b11998514dc/resourceGroups/RG-NWRI-JPE-20260709/providers/Microsoft.Compute/virtualMachines/vm-nwri-dst-jpe","vm-nwri-dst-jpe","Microsoft.Compute/virtualMachines","RG-NWRI-JPE-20260709","/subscriptions/1acecba7-23bd-4d4d-9770-0b11998514dc/resourceGroups/RG-NWRI-JPE-20260709/providers/Microsoft.Compute/virtualMachines/vm-nwri-dst-jpe/providers/Microsoft.Security/assessments/46f041d3-d4a3-58a3-2a40-bf486365f1e1"
"02b8ddd4-e2e8-c633-1103-1a0b588574ed","Update python3.10-minimal_for_linux","High","Unhealthy",,,"Vulnerability","Vulnerabilities","SoftwareUpdate",,,"/subscriptions/1acecba7-23bd-4d4d-9770-0b11998514dc/resourceGroups/RG-NWRI-JPE-20260709/providers/Microsoft.Compute/virtualMachines/vm-nwri-dst-jpe","vm-nwri-dst-jpe","Microsoft.Compute/virtualMachines","RG-NWRI-JPE-20260709","/subscriptions/1acecba7-23bd-4d4d-9770-0b11998514dc/resourceGroups/RG-NWRI-JPE-20260709/providers/Microsoft.Compute/virtualMachines/vm-nwri-dst-jpe/providers/Microsoft.Security/assessments/02b8ddd4-e2e8-c633-1103-1a0b588574ed"
"6bd0dfe8-15a5-ecea-5c64-d6578169f7db","Update libpython3.10_for_linux","High","Unhealthy",,,"Vulnerability","Vulnerabilities","SoftwareUpdate",,,"/subscriptions/1acecba7-23bd-4d4d-9770-0b11998514dc/resourceGroups/RG-NWRI-JPE-20260709/providers/Microsoft.Compute/virtualMachines/vm-nwri-dst-jpe","vm-nwri-dst-jpe","Microsoft.Compute/virtualMachines","RG-NWRI-JPE-20260709","/subscriptions/1acecba7-23bd-4d4d-9770-0b11998514dc/resourceGroups/RG-NWRI-JPE-20260709/providers/Microsoft.Compute/virtualMachines/vm-nwri-dst-jpe/providers/Microsoft.Security/assessments/6bd0dfe8-15a5-ecea-5c64-d6578169f7db"
"cc236e65-c4b8-4e4a-a284-2d1965badacf","Update vim-tiny_for_linux","High","Unhealthy",,,"Vulnerability","Vulnerabilities","SoftwareUpdate",,,"/subscriptions/1acecba7-23bd-4d4d-9770-0b11998514dc/resourceGroups/RG-NWRI-JPE-20260709/providers/Microsoft.Compute/virtualMachines/vm-nwri-dst-jpe","vm-nwri-dst-jpe","Microsoft.Compute/virtualMachines","RG-NWRI-JPE-20260709","/subscriptions/1acecba7-23bd-4d4d-9770-0b11998514dc/resourceGroups/RG-NWRI-JPE-20260709/providers/Microsoft.Compute/virtualMachines/vm-nwri-dst-jpe/providers/Microsoft.Security/assessments/cc236e65-c4b8-4e4a-a284-2d1965badacf"
"67910945-e373-1f01-8cda-d736a982c39c","Update libcurl3-gnutls_for_linux","Medium","Unhealthy",,,"Vulnerability","Vulnerabilities","SoftwareUpdate",,,"/subscriptions/1acecba7-23bd-4d4d-9770-0b11998514dc/resourceGroups/RG-NWRI-JPE-20260709/providers/Microsoft.Compute/virtualMachines/vm-nwri-dst-jpe","vm-nwri-dst-jpe","Microsoft.Compute/virtualMachines","RG-NWRI-JPE-20260709","/subscriptions/1acecba7-23bd-4d4d-9770-0b11998514dc/resourceGroups/RG-NWRI-JPE-20260709/providers/Microsoft.Compute/virtualMachines/vm-nwri-dst-jpe/providers/Microsoft.Security/assessments/67910945-e373-1f01-8cda-d736a982c39c"
"d818c91f-dbab-f845-0d0c-0f95b3da3bfa","Update openssh-sftp-server_for_linux","Medium","Unhealthy",,,"Vulnerability","Vulnerabilities","SoftwareUpdate",,,"/subscriptions/1acecba7-23bd-4d4d-9770-0b11998514dc/resourceGroups/RG-NWRI-JPE-20260709/providers/Microsoft.Compute/virtualMachines/vm-nwri-dst-jpe","vm-nwri-dst-jpe","Microsoft.Compute/virtualMachines","RG-NWRI-JPE-20260709","/subscriptions/1acecba7-23bd-4d4d-9770-0b11998514dc/resourceGroups/RG-NWRI-JPE-20260709/providers/Microsoft.Compute/virtualMachines/vm-nwri-dst-jpe/providers/Microsoft.Security/assessments/d818c91f-dbab-f845-0d0c-0f95b3da3bfa"
"86fdf214-edaa-ef89-54e8-397093633dda","Update openssh-client_for_linux","Medium","Unhealthy",,,"Vulnerability","Vulnerabilities","SoftwareUpdate",,,"/subscriptions/1acecba7-23bd-4d4d-9770-0b11998514dc/resourceGroups/RG-NWRI-JPE-20260709/providers/Microsoft.Compute/virtualMachines/vm-nwri-dst-jpe","vm-nwri-dst-jpe","Microsoft.Compute/virtualMachines","RG-NWRI-JPE-20260709","/subscriptions/1acecba7-23bd-4d4d-9770-0b11998514dc/resourceGroups/RG-NWRI-JPE-20260709/providers/Microsoft.Compute/virtualMachines/vm-nwri-dst-jpe/providers/Microsoft.Security/assessments/86fdf214-edaa-ef89-54e8-397093633dda"
"a29cdcc2-8923-bdd3-1ce6-3947c9fa7b11","Update openssh-server_for_linux","High","Unhealthy",,,"Vulnerability","Vulnerabilities","SoftwareUpdate",,,"/subscriptions/1acecba7-23bd-4d4d-9770-0b11998514dc/resourceGroups/RG-NWRI-JPE-20260709/providers/Microsoft.Compute/virtualMachines/vm-nwri-dst-jpe","vm-nwri-dst-jpe","Microsoft.Compute/virtualMachines","RG-NWRI-JPE-20260709","/subscriptions/1acecba7-23bd-4d4d-9770-0b11998514dc/resourceGroups/RG-NWRI-JPE-20260709/providers/Microsoft.Compute/virtualMachines/vm-nwri-dst-jpe/providers/Microsoft.Security/assessments/a29cdcc2-8923-bdd3-1ce6-3947c9fa7b11"
"0eb43387-0e67-e2b5-4e77-d4fde3118af8","Update wget_for_linux","Medium","Unhealthy",,,"Vulnerability","Vulnerabilities","SoftwareUpdate",,,"/subscriptions/1acecba7-23bd-4d4d-9770-0b11998514dc/resourceGroups/RG-NWRI-JPE-20260709/providers/Microsoft.Compute/virtualMachines/vm-nwri-dst-jpe","vm-nwri-dst-jpe","Microsoft.Compute/virtualMachines","RG-NWRI-JPE-20260709","/subscriptions/1acecba7-23bd-4d4d-9770-0b11998514dc/resourceGroups/RG-NWRI-JPE-20260709/providers/Microsoft.Compute/virtualMachines/vm-nwri-dst-jpe/providers/Microsoft.Security/assessments/0eb43387-0e67-e2b5-4e77-d4fde3118af8"
"96e25b87-e920-8dfb-50a9-bb38d8ba4c4c","Update python3-idna_for_linux","Medium","Unhealthy",,,"Vulnerability","Vulnerabilities","SoftwareUpdate",,,"/subscriptions/1acecba7-23bd-4d4d-9770-0b11998514dc/resourceGroups/RG-NWRI-JPE-20260709/providers/Microsoft.Compute/virtualMachines/vm-nwri-dst-jpe","vm-nwri-dst-jpe","Microsoft.Compute/virtualMachines","RG-NWRI-JPE-20260709","/subscriptions/1acecba7-23bd-4d4d-9770-0b11998514dc/resourceGroups/RG-NWRI-JPE-20260709/providers/Microsoft.Compute/virtualMachines/vm-nwri-dst-jpe/providers/Microsoft.Security/assessments/96e25b87-e920-8dfb-50a9-bb38d8ba4c4c"
"83b77059-8b3d-55d7-b0f0-f1f7ae5b94b6","Update libntfs-3g89_for_linux","High","Unhealthy",,,"Vulnerability","Vulnerabilities","SoftwareUpdate",,,"/subscriptions/1acecba7-23bd-4d4d-9770-0b11998514dc/resourceGroups/RG-NWRI-JPE-20260709/providers/Microsoft.Compute/virtualMachines/vm-nwri-src-jpe","vm-nwri-src-jpe","Microsoft.Compute/virtualMachines","RG-NWRI-JPE-20260709","/subscriptions/1acecba7-23bd-4d4d-9770-0b11998514dc/resourceGroups/RG-NWRI-JPE-20260709/providers/Microsoft.Compute/virtualMachines/vm-nwri-src-jpe/providers/Microsoft.Security/assessments/83b77059-8b3d-55d7-b0f0-f1f7ae5b94b6"
"83b77059-8b3d-55d7-b0f0-f1f7ae5b94b6","Update libntfs-3g89_for_linux","High","Unhealthy",,,"Vulnerability","Vulnerabilities","SoftwareUpdate",,,"/subscriptions/1acecba7-23bd-4d4d-9770-0b11998514dc/resourceGroups/RG-NWRI-JPE-20260709/providers/Microsoft.Compute/virtualMachines/vm-nwri-dst-jpe","vm-nwri-dst-jpe","Microsoft.Compute/virtualMachines","RG-NWRI-JPE-20260709","/subscriptions/1acecba7-23bd-4d4d-9770-0b11998514dc/resourceGroups/RG-NWRI-JPE-20260709/providers/Microsoft.Compute/virtualMachines/vm-nwri-dst-jpe/providers/Microsoft.Security/assessments/83b77059-8b3d-55d7-b0f0-f1f7ae5b94b6"
"f441c515-342c-8c7a-3d14-77fedfb8df60","Update tar_for_linux","High","Unhealthy",,,"Vulnerability","Vulnerabilities","SoftwareUpdate",,,"/subscriptions/1acecba7-23bd-4d4d-9770-0b11998514dc/resourceGroups/rg-migrate-demo-je-001/providers/Microsoft.Compute/virtualMachines/vm-amig-ubu-001","vm-amig-ubu-001","Microsoft.Compute/virtualMachines","rg-migrate-demo-je-001","/subscriptions/1acecba7-23bd-4d4d-9770-0b11998514dc/resourceGroups/rg-migrate-demo-je-001/providers/Microsoft.Compute/virtualMachines/vm-amig-ubu-001/providers/Microsoft.Security/assessments/f441c515-342c-8c7a-3d14-77fedfb8df60"
"3f5b9c6a-c683-3719-fbef-14dea425191a","Update ntfs-3g_for_linux","Medium","Unhealthy",,,"Vulnerability","Vulnerabilities","SoftwareUpdate",,,"/subscriptions/1acecba7-23bd-4d4d-9770-0b11998514dc/resourceGroups/rg-migrate-demo-je-001/providers/Microsoft.Compute/virtualMachines/vm-amig-ubu-001","vm-amig-ubu-001","Microsoft.Compute/virtualMachines","rg-migrate-demo-je-001","/subscriptions/1acecba7-23bd-4d4d-9770-0b11998514dc/resourceGroups/rg-migrate-demo-je-001/providers/Microsoft.Compute/virtualMachines/vm-amig-ubu-001/providers/Microsoft.Security/assessments/3f5b9c6a-c683-3719-fbef-14dea425191a"
"3707db07-535d-d557-2dc9-63e5637cabec","Update libntfs-3g89t64_for_linux","High","Unhealthy",,,"Vulnerability","Vulnerabilities","SoftwareUpdate",,,"/subscriptions/1acecba7-23bd-4d4d-9770-0b11998514dc/resourceGroups/rg-migrate-demo-je-001/providers/Microsoft.Compute/virtualMachines/vm-amig-ubu-001","vm-amig-ubu-001","Microsoft.Compute/virtualMachines","rg-migrate-demo-je-001","/subscriptions/1acecba7-23bd-4d4d-9770-0b11998514dc/resourceGroups/rg-migrate-demo-je-001/providers/Microsoft.Compute/virtualMachines/vm-amig-ubu-001/providers/Microsoft.Security/assessments/3707db07-535d-d557-2dc9-63e5637cabec"
"3f5b9c6a-c683-3719-fbef-14dea425191a","Update ntfs-3g_for_linux","Medium","Unhealthy",,,"Vulnerability","Vulnerabilities","SoftwareUpdate",,,"/subscriptions/1acecba7-23bd-4d4d-9770-0b11998514dc/resourceGroups/RG-NWRI-JPE-20260709/providers/Microsoft.Compute/virtualMachines/vm-nwri-dst-jpe","vm-nwri-dst-jpe","Microsoft.Compute/virtualMachines","RG-NWRI-JPE-20260709","/subscriptions/1acecba7-23bd-4d4d-9770-0b11998514dc/resourceGroups/RG-NWRI-JPE-20260709/providers/Microsoft.Compute/virtualMachines/vm-nwri-dst-jpe/providers/Microsoft.Security/assessments/3f5b9c6a-c683-3719-fbef-14dea425191a"
"342f71e0-8e97-536d-3ce7-4eb97a2a852b","Update snapd_for_linux","Medium","Unhealthy",,,"Vulnerability","Vulnerabilities","SoftwareUpdate",,,"/subscriptions/1acecba7-23bd-4d4d-9770-0b11998514dc/resourceGroups/RG-NWRI-JPE-20260709/providers/Microsoft.Compute/virtualMachines/vm-nwri-src-jpe","vm-nwri-src-jpe","Microsoft.Compute/virtualMachines","RG-NWRI-JPE-20260709","/subscriptions/1acecba7-23bd-4d4d-9770-0b11998514dc/resourceGroups/RG-NWRI-JPE-20260709/providers/Microsoft.Compute/virtualMachines/vm-nwri-src-jpe/providers/Microsoft.Security/assessments/342f71e0-8e97-536d-3ce7-4eb97a2a852b"
"f3c10408-1e45-1c05-bf4b-8656b2b9b7e0","Update libc-bin_for_linux","High","Unhealthy",,,"Vulnerability","Vulnerabilities","SoftwareUpdate",,,"/subscriptions/1acecba7-23bd-4d4d-9770-0b11998514dc/resourceGroups/RG-NWRI-JPE-20260709/providers/Microsoft.Compute/virtualMachines/vm-nwri-src-jpe","vm-nwri-src-jpe","Microsoft.Compute/virtualMachines","RG-NWRI-JPE-20260709","/subscriptions/1acecba7-23bd-4d4d-9770-0b11998514dc/resourceGroups/RG-NWRI-JPE-20260709/providers/Microsoft.Compute/virtualMachines/vm-nwri-src-jpe/providers/Microsoft.Security/assessments/f3c10408-1e45-1c05-bf4b-8656b2b9b7e0"
"e5a3fcfa-a98b-198b-c2fe-49e4ae6abcc7","Update libc6_for_linux","High","Unhealthy",,,"Vulnerability","Vulnerabilities","SoftwareUpdate",,,"/subscriptions/1acecba7-23bd-4d4d-9770-0b11998514dc/resourceGroups/RG-NWRI-JPE-20260709/providers/Microsoft.Compute/virtualMachines/vm-nwri-src-jpe","vm-nwri-src-jpe","Microsoft.Compute/virtualMachines","RG-NWRI-JPE-20260709","/subscriptions/1acecba7-23bd-4d4d-9770-0b11998514dc/resourceGroups/RG-NWRI-JPE-20260709/providers/Microsoft.Compute/virtualMachines/vm-nwri-src-jpe/providers/Microsoft.Security/assessments/e5a3fcfa-a98b-198b-c2fe-49e4ae6abcc7"
"1990969e-55d1-c803-31ae-140065e250a6","Update locales_for_linux","High","Unhealthy",,,"Vulnerability","Vulnerabilities","SoftwareUpdate",,,"/subscriptions/1acecba7-23bd-4d4d-9770-0b11998514dc/resourceGroups/RG-NWRI-JPE-20260709/providers/Microsoft.Compute/virtualMachines/vm-nwri-src-jpe","vm-nwri-src-jpe","Microsoft.Compute/virtualMachines","RG-NWRI-JPE-20260709","/subscriptions/1acecba7-23bd-4d4d-9770-0b11998514dc/resourceGroups/RG-NWRI-JPE-20260709/providers/Microsoft.Compute/virtualMachines/vm-nwri-src-jpe/providers/Microsoft.Security/assessments/1990969e-55d1-c803-31ae-140065e250a6"
"fc856955-2b3d-57e8-fd8e-07b981942c57","Update cifs-utils","Medium","Unhealthy",,,"Vulnerability","Misconfigurations","SystemUpdate",,,"/subscriptions/1acecba7-23bd-4d4d-9770-0b11998514dc/resourceGroups/rg-nwri-jpe-20260709/providers/Microsoft.Compute/virtualMachines/vm-nwri-src-jpe","vm-nwri-src-jpe","Microsoft.Compute/virtualMachines","rg-nwri-jpe-20260709","/subscriptions/1acecba7-23bd-4d4d-9770-0b11998514dc/resourceGroups/rg-nwri-jpe-20260709/providers/Microsoft.Compute/virtualMachines/vm-nwri-src-jpe/providers/Microsoft.Security/assessments/fc856955-2b3d-57e8-fd8e-07b981942c57"
"baad9c74-2e7b-d4d8-a2aa-a91a9cb1896c","Update gzip","Medium","Unhealthy",,,"BestPractices","Misconfigurations","SystemUpdate",,,"/subscriptions/1acecba7-23bd-4d4d-9770-0b11998514dc/resourceGroups/rg-nwri-jpe-20260709/providers/Microsoft.Compute/virtualMachines/vm-nwri-src-jpe","vm-nwri-src-jpe","Microsoft.Compute/virtualMachines","rg-nwri-jpe-20260709","/subscriptions/1acecba7-23bd-4d4d-9770-0b11998514dc/resourceGroups/rg-nwri-jpe-20260709/providers/Microsoft.Compute/virtualMachines/vm-nwri-src-jpe/providers/Microsoft.Security/assessments/baad9c74-2e7b-d4d8-a2aa-a91a9cb1896c"
"c6068ef2-18c6-b838-1927-b3336e3d7664","Update libcurl3-gnutls","Medium","Unhealthy",,,"BestPractices","Misconfigurations","SystemUpdate",,,"/subscriptions/1acecba7-23bd-4d4d-9770-0b11998514dc/resourceGroups/rg-nwri-jpe-20260709/providers/Microsoft.Compute/virtualMachines/vm-nwri-src-jpe","vm-nwri-src-jpe","Microsoft.Compute/virtualMachines","rg-nwri-jpe-20260709","/subscriptions/1acecba7-23bd-4d4d-9770-0b11998514dc/resourceGroups/rg-nwri-jpe-20260709/providers/Microsoft.Compute/virtualMachines/vm-nwri-src-jpe/providers/Microsoft.Security/assessments/c6068ef2-18c6-b838-1927-b3336e3d7664"
"8a82797d-f25a-3ad9-411c-6501d9346824","Update libnghttp2-14","Medium","Unhealthy",,,"BestPractices","Misconfigurations","SystemUpdate",,,"/subscriptions/1acecba7-23bd-4d4d-9770-0b11998514dc/resourceGroups/rg-nwri-jpe-20260709/providers/Microsoft.Compute/virtualMachines/vm-nwri-src-jpe","vm-nwri-src-jpe","Microsoft.Compute/virtualMachines","rg-nwri-jpe-20260709","/subscriptions/1acecba7-23bd-4d4d-9770-0b11998514dc/resourceGroups/rg-nwri-jpe-20260709/providers/Microsoft.Compute/virtualMachines/vm-nwri-src-jpe/providers/Microsoft.Security/assessments/8a82797d-f25a-3ad9-411c-6501d9346824"
"e0726efe-3996-0eba-0770-aca6a81d0050","Update libnss3","Medium","Unhealthy",,,"BestPractices","Misconfigurations","SystemUpdate",,,"/subscriptions/1acecba7-23bd-4d4d-9770-0b11998514dc/resourceGroups/rg-nwri-jpe-20260709/providers/Microsoft.Compute/virtualMachines/vm-nwri-src-jpe","vm-nwri-src-jpe","Microsoft.Compute/virtualMachines","rg-nwri-jpe-20260709","/subscriptions/1acecba7-23bd-4d4d-9770-0b11998514dc/resourceGroups/rg-nwri-jpe-20260709/providers/Microsoft.Compute/virtualMachines/vm-nwri-src-jpe/providers/Microsoft.Security/assessments/e0726efe-3996-0eba-0770-aca6a81d0050"
"4793a244-d81f-7f71-3af0-318dcf9208ef","Update libpython3.10","Medium","Unhealthy",,,"BestPractices","Misconfigurations","SystemUpdate",,,"/subscriptions/1acecba7-23bd-4d4d-9770-0b11998514dc/resourceGroups/rg-nwri-jpe-20260709/providers/Microsoft.Compute/virtualMachines/vm-nwri-src-jpe","vm-nwri-src-jpe","Microsoft.Compute/virtualMachines","rg-nwri-jpe-20260709","/subscriptions/1acecba7-23bd-4d4d-9770-0b11998514dc/resourceGroups/rg-nwri-jpe-20260709/providers/Microsoft.Compute/virtualMachines/vm-nwri-src-jpe/providers/Microsoft.Security/assessments/4793a244-d81f-7f71-3af0-318dcf9208ef"
"88445ea9-1f61-8e32-99b9-0bee5e8012a4","Update libpython3.10-minimal","Medium","Unhealthy",,,"BestPractices","Misconfigurations","SystemUpdate",,,"/subscriptions/1acecba7-23bd-4d4d-9770-0b11998514dc/resourceGroups/rg-nwri-jpe-20260709/providers/Microsoft.Compute/virtualMachines/vm-nwri-src-jpe","vm-nwri-src-jpe","Microsoft.Compute/virtualMachines","rg-nwri-jpe-20260709","/subscriptions/1acecba7-23bd-4d4d-9770-0b11998514dc/resourceGroups/rg-nwri-jpe-20260709/providers/Microsoft.Compute/virtualMachines/vm-nwri-src-jpe/providers/Microsoft.Security/assessments/88445ea9-1f61-8e32-99b9-0bee5e8012a4"
"a5e835a1-f50a-db3a-ba7d-d770deabdc9e","Update libpython3.10-stdlib","Medium","Unhealthy",,,"BestPractices","Misconfigurations","SystemUpdate",,,"/subscriptions/1acecba7-23bd-4d4d-9770-0b11998514dc/resourceGroups/rg-nwri-jpe-20260709/providers/Microsoft.Compute/virtualMachines/vm-nwri-src-jpe","vm-nwri-src-jpe","Microsoft.Compute/virtualMachines","rg-nwri-jpe-20260709","/subscriptions/1acecba7-23bd-4d4d-9770-0b11998514dc/resourceGroups/rg-nwri-jpe-20260709/providers/Microsoft.Compute/virtualMachines/vm-nwri-src-jpe/providers/Microsoft.Security/assessments/a5e835a1-f50a-db3a-ba7d-d770deabdc9e"
"dc16ab7f-9910-cb1a-6f06-683834afddca","Update libsqlite3-0","Medium","Unhealthy",,,"BestPractices","Misconfigurations","SystemUpdate",,,"/subscriptions/1acecba7-23bd-4d4d-9770-0b11998514dc/resourceGroups/rg-nwri-jpe-20260709/providers/Microsoft.Compute/virtualMachines/vm-nwri-src-jpe","vm-nwri-src-jpe","Microsoft.Compute/virtualMachines","rg-nwri-jpe-20260709","/subscriptions/1acecba7-23bd-4d4d-9770-0b11998514dc/resourceGroups/rg-nwri-jpe-20260709/providers/Microsoft.Compute/virtualMachines/vm-nwri-src-jpe/providers/Microsoft.Security/assessments/dc16ab7f-9910-cb1a-6f06-683834afddca"
"20378074-1f1e-afe8-38d2-e5566490bc42","Update libxml2","Medium","Unhealthy",,,"BestPractices","Misconfigurations","SystemUpdate",,,"/subscriptions/1acecba7-23bd-4d4d-9770-0b11998514dc/resourceGroups/rg-nwri-jpe-20260709/providers/Microsoft.Compute/virtualMachines/vm-nwri-src-jpe","vm-nwri-src-jpe","Microsoft.Compute/virtualMachines","rg-nwri-jpe-20260709","/subscriptions/1acecba7-23bd-4d4d-9770-0b11998514dc/resourceGroups/rg-nwri-jpe-20260709/providers/Microsoft.Compute/virtualMachines/vm-nwri-src-jpe/providers/Microsoft.Security/assessments/20378074-1f1e-afe8-38d2-e5566490bc42"
"35dc7f2a-4438-55c4-0094-701e7b6ad2ae","Update python3.10","Medium","Unhealthy",,,"BestPractices","Misconfigurations","SystemUpdate",,,"/subscriptions/1acecba7-23bd-4d4d-9770-0b11998514dc/resourceGroups/rg-nwri-jpe-20260709/providers/Microsoft.Compute/virtualMachines/vm-nwri-src-jpe","vm-nwri-src-jpe","Microsoft.Compute/virtualMachines","rg-nwri-jpe-20260709","/subscriptions/1acecba7-23bd-4d4d-9770-0b11998514dc/resourceGroups/rg-nwri-jpe-20260709/providers/Microsoft.Compute/virtualMachines/vm-nwri-src-jpe/providers/Microsoft.Security/assessments/35dc7f2a-4438-55c4-0094-701e7b6ad2ae"
"6bc664f6-2cc2-fcac-d051-d0acce1a1498","Update python3.10-minimal","Medium","Unhealthy",,,"BestPractices","Misconfigurations","SystemUpdate",,,"/subscriptions/1acecba7-23bd-4d4d-9770-0b11998514dc/resourceGroups/rg-nwri-jpe-20260709/providers/Microsoft.Compute/virtualMachines/vm-nwri-src-jpe","vm-nwri-src-jpe","Microsoft.Compute/virtualMachines","rg-nwri-jpe-20260709","/subscriptions/1acecba7-23bd-4d4d-9770-0b11998514dc/resourceGroups/rg-nwri-jpe-20260709/providers/Microsoft.Compute/virtualMachines/vm-nwri-src-jpe/providers/Microsoft.Security/assessments/6bc664f6-2cc2-fcac-d051-d0acce1a1498"
"bf7055db-4661-464b-e2bd-e31ed61a7dc6","Update tar","Medium","Unhealthy",,,"BestPractices","Misconfigurations","SystemUpdate",,,"/subscriptions/1acecba7-23bd-4d4d-9770-0b11998514dc/resourceGroups/rg-nwri-jpe-20260709/providers/Microsoft.Compute/virtualMachines/vm-nwri-src-jpe","vm-nwri-src-jpe","Microsoft.Compute/virtualMachines","rg-nwri-jpe-20260709","/subscriptions/1acecba7-23bd-4d4d-9770-0b11998514dc/resourceGroups/rg-nwri-jpe-20260709/providers/Microsoft.Compute/virtualMachines/vm-nwri-src-jpe/providers/Microsoft.Security/assessments/bf7055db-4661-464b-e2bd-e31ed61a7dc6"
"861998f8-bb29-6f68-1dfc-3d1ac8b13506","Update vim","Medium","Unhealthy",,,"BestPractices","Misconfigurations","SystemUpdate",,,"/subscriptions/1acecba7-23bd-4d4d-9770-0b11998514dc/resourceGroups/rg-nwri-jpe-20260709/providers/Microsoft.Compute/virtualMachines/vm-nwri-src-jpe","vm-nwri-src-jpe","Microsoft.Compute/virtualMachines","rg-nwri-jpe-20260709","/subscriptions/1acecba7-23bd-4d4d-9770-0b11998514dc/resourceGroups/rg-nwri-jpe-20260709/providers/Microsoft.Compute/virtualMachines/vm-nwri-src-jpe/providers/Microsoft.Security/assessments/861998f8-bb29-6f68-1dfc-3d1ac8b13506"
"a99cb3a5-b419-4b4c-20de-11533d426fd3","Update vim-common","Medium","Unhealthy",,,"BestPractices","Misconfigurations","SystemUpdate",,,"/subscriptions/1acecba7-23bd-4d4d-9770-0b11998514dc/resourceGroups/rg-nwri-jpe-20260709/providers/Microsoft.Compute/virtualMachines/vm-nwri-src-jpe","vm-nwri-src-jpe","Microsoft.Compute/virtualMachines","rg-nwri-jpe-20260709","/subscriptions/1acecba7-23bd-4d4d-9770-0b11998514dc/resourceGroups/rg-nwri-jpe-20260709/providers/Microsoft.Compute/virtualMachines/vm-nwri-src-jpe/providers/Microsoft.Security/assessments/a99cb3a5-b419-4b4c-20de-11533d426fd3"
"5c96c924-e665-d622-32c1-3474bfa338f9","Update vim-runtime","Medium","Unhealthy",,,"BestPractices","Misconfigurations","SystemUpdate",,,"/subscriptions/1acecba7-23bd-4d4d-9770-0b11998514dc/resourceGroups/rg-nwri-jpe-20260709/providers/Microsoft.Compute/virtualMachines/vm-nwri-src-jpe","vm-nwri-src-jpe","Microsoft.Compute/virtualMachines","rg-nwri-jpe-20260709","/subscriptions/1acecba7-23bd-4d4d-9770-0b11998514dc/resourceGroups/rg-nwri-jpe-20260709/providers/Microsoft.Compute/virtualMachines/vm-nwri-src-jpe/providers/Microsoft.Security/assessments/5c96c924-e665-d622-32c1-3474bfa338f9"
"e29d370b-6387-5cd8-97a3-71e2626930e0","Update vim-tiny","Medium","Unhealthy",,,"BestPractices","Misconfigurations","SystemUpdate",,,"/subscriptions/1acecba7-23bd-4d4d-9770-0b11998514dc/resourceGroups/rg-nwri-jpe-20260709/providers/Microsoft.Compute/virtualMachines/vm-nwri-src-jpe","vm-nwri-src-jpe","Microsoft.Compute/virtualMachines","rg-nwri-jpe-20260709","/subscriptions/1acecba7-23bd-4d4d-9770-0b11998514dc/resourceGroups/rg-nwri-jpe-20260709/providers/Microsoft.Compute/virtualMachines/vm-nwri-src-jpe/providers/Microsoft.Security/assessments/e29d370b-6387-5cd8-97a3-71e2626930e0"
"9b4bc025-2778-c089-92a3-8c06cc87632a","Update xxd","Medium","Unhealthy",,,"BestPractices","Misconfigurations","SystemUpdate",,,"/subscriptions/1acecba7-23bd-4d4d-9770-0b11998514dc/resourceGroups/rg-nwri-jpe-20260709/providers/Microsoft.Compute/virtualMachines/vm-nwri-src-jpe","vm-nwri-src-jpe","Microsoft.Compute/virtualMachines","rg-nwri-jpe-20260709","/subscriptions/1acecba7-23bd-4d4d-9770-0b11998514dc/resourceGroups/rg-nwri-jpe-20260709/providers/Microsoft.Compute/virtualMachines/vm-nwri-src-jpe/providers/Microsoft.Security/assessments/9b4bc025-2778-c089-92a3-8c06cc87632a"
"86fdf214-edaa-ef89-54e8-397093633dda","Update openssh-client_for_linux","Medium","Unhealthy",,,"Vulnerability","Vulnerabilities","SoftwareUpdate",,,"/subscriptions/1acecba7-23bd-4d4d-9770-0b11998514dc/resourceGroups/RG-NWRI-JPE-20260709/providers/Microsoft.Compute/virtualMachines/vm-nwri-src-jpe","vm-nwri-src-jpe","Microsoft.Compute/virtualMachines","RG-NWRI-JPE-20260709","/subscriptions/1acecba7-23bd-4d4d-9770-0b11998514dc/resourceGroups/RG-NWRI-JPE-20260709/providers/Microsoft.Compute/virtualMachines/vm-nwri-src-jpe/providers/Microsoft.Security/assessments/86fdf214-edaa-ef89-54e8-397093633dda"
"a29cdcc2-8923-bdd3-1ce6-3947c9fa7b11","Update openssh-server_for_linux","High","Unhealthy",,,"Vulnerability","Vulnerabilities","SoftwareUpdate",,,"/subscriptions/1acecba7-23bd-4d4d-9770-0b11998514dc/resourceGroups/RG-NWRI-JPE-20260709/providers/Microsoft.Compute/virtualMachines/vm-nwri-src-jpe","vm-nwri-src-jpe","Microsoft.Compute/virtualMachines","RG-NWRI-JPE-20260709","/subscriptions/1acecba7-23bd-4d4d-9770-0b11998514dc/resourceGroups/RG-NWRI-JPE-20260709/providers/Microsoft.Compute/virtualMachines/vm-nwri-src-jpe/providers/Microsoft.Security/assessments/a29cdcc2-8923-bdd3-1ce6-3947c9fa7b11"
"d818c91f-dbab-f845-0d0c-0f95b3da3bfa","Update openssh-sftp-server_for_linux","Medium","Unhealthy",,,"Vulnerability","Vulnerabilities","SoftwareUpdate",,,"/subscriptions/1acecba7-23bd-4d4d-9770-0b11998514dc/resourceGroups/RG-NWRI-JPE-20260709/providers/Microsoft.Compute/virtualMachines/vm-nwri-src-jpe","vm-nwri-src-jpe","Microsoft.Compute/virtualMachines","RG-NWRI-JPE-20260709","/subscriptions/1acecba7-23bd-4d4d-9770-0b11998514dc/resourceGroups/RG-NWRI-JPE-20260709/providers/Microsoft.Compute/virtualMachines/vm-nwri-src-jpe/providers/Microsoft.Security/assessments/d818c91f-dbab-f845-0d0c-0f95b3da3bfa"
"b087a53a-f9cf-bc49-c2b3-311970fa76f9","Update python3-httplib2","Medium","Unhealthy",,,"Vulnerability","Misconfigurations","SystemUpdate",,,"/subscriptions/1acecba7-23bd-4d4d-9770-0b11998514dc/resourceGroups/RG-MIGRATE-DEMO-JE-001/providers/Microsoft.Compute/virtualMachines/vm-amig-ubu-001","vm-amig-ubu-001","Microsoft.Compute/virtualMachines","RG-MIGRATE-DEMO-JE-001","/subscriptions/1acecba7-23bd-4d4d-9770-0b11998514dc/resourceGroups/RG-MIGRATE-DEMO-JE-001/providers/Microsoft.Compute/virtualMachines/vm-amig-ubu-001/providers/Microsoft.Security/assessments/b087a53a-f9cf-bc49-c2b3-311970fa76f9"
"25fe6b92-0c7f-0471-efbe-b171316b3ec0","Update python3-idna","Medium","Unhealthy",,,"BestPractices","Misconfigurations","SystemUpdate",,,"/subscriptions/1acecba7-23bd-4d4d-9770-0b11998514dc/resourceGroups/RG-MIGRATE-DEMO-JE-001/providers/Microsoft.Compute/virtualMachines/vm-amig-ubu-001","vm-amig-ubu-001","Microsoft.Compute/virtualMachines","RG-MIGRATE-DEMO-JE-001","/subscriptions/1acecba7-23bd-4d4d-9770-0b11998514dc/resourceGroups/RG-MIGRATE-DEMO-JE-001/providers/Microsoft.Compute/virtualMachines/vm-amig-ubu-001/providers/Microsoft.Security/assessments/25fe6b92-0c7f-0471-efbe-b171316b3ec0"
"861998f8-bb29-6f68-1dfc-3d1ac8b13506","Update vim","Medium","Unhealthy",,,"BestPractices","Misconfigurations","SystemUpdate",,,"/subscriptions/1acecba7-23bd-4d4d-9770-0b11998514dc/resourceGroups/RG-MIGRATE-DEMO-JE-001/providers/Microsoft.Compute/virtualMachines/vm-amig-ubu-001","vm-amig-ubu-001","Microsoft.Compute/virtualMachines","RG-MIGRATE-DEMO-JE-001","/subscriptions/1acecba7-23bd-4d4d-9770-0b11998514dc/resourceGroups/RG-MIGRATE-DEMO-JE-001/providers/Microsoft.Compute/virtualMachines/vm-amig-ubu-001/providers/Microsoft.Security/assessments/861998f8-bb29-6f68-1dfc-3d1ac8b13506"
"a99cb3a5-b419-4b4c-20de-11533d426fd3","Update vim-common","Medium","Unhealthy",,,"BestPractices","Misconfigurations","SystemUpdate",,,"/subscriptions/1acecba7-23bd-4d4d-9770-0b11998514dc/resourceGroups/RG-MIGRATE-DEMO-JE-001/providers/Microsoft.Compute/virtualMachines/vm-amig-ubu-001","vm-amig-ubu-001","Microsoft.Compute/virtualMachines","RG-MIGRATE-DEMO-JE-001","/subscriptions/1acecba7-23bd-4d4d-9770-0b11998514dc/resourceGroups/RG-MIGRATE-DEMO-JE-001/providers/Microsoft.Compute/virtualMachines/vm-amig-ubu-001/providers/Microsoft.Security/assessments/a99cb3a5-b419-4b4c-20de-11533d426fd3"
"5c96c924-e665-d622-32c1-3474bfa338f9","Update vim-runtime","Medium","Unhealthy",,,"BestPractices","Misconfigurations","SystemUpdate",,,"/subscriptions/1acecba7-23bd-4d4d-9770-0b11998514dc/resourceGroups/RG-MIGRATE-DEMO-JE-001/providers/Microsoft.Compute/virtualMachines/vm-amig-ubu-001","vm-amig-ubu-001","Microsoft.Compute/virtualMachines","RG-MIGRATE-DEMO-JE-001","/subscriptions/1acecba7-23bd-4d4d-9770-0b11998514dc/resourceGroups/RG-MIGRATE-DEMO-JE-001/providers/Microsoft.Compute/virtualMachines/vm-amig-ubu-001/providers/Microsoft.Security/assessments/5c96c924-e665-d622-32c1-3474bfa338f9"
"e29d370b-6387-5cd8-97a3-71e2626930e0","Update vim-tiny","Medium","Unhealthy",,,"BestPractices","Misconfigurations","SystemUpdate",,,"/subscriptions/1acecba7-23bd-4d4d-9770-0b11998514dc/resourceGroups/RG-MIGRATE-DEMO-JE-001/providers/Microsoft.Compute/virtualMachines/vm-amig-ubu-001","vm-amig-ubu-001","Microsoft.Compute/virtualMachines","RG-MIGRATE-DEMO-JE-001","/subscriptions/1acecba7-23bd-4d4d-9770-0b11998514dc/resourceGroups/RG-MIGRATE-DEMO-JE-001/providers/Microsoft.Compute/virtualMachines/vm-amig-ubu-001/providers/Microsoft.Security/assessments/e29d370b-6387-5cd8-97a3-71e2626930e0"
"83839daf-cf6e-491f-c598-bcb1995b3c98","Update wget","Medium","Unhealthy",,,"Vulnerability","Vulnerabilities","SoftwareUpdate",,,"/subscriptions/1acecba7-23bd-4d4d-9770-0b11998514dc/resourceGroups/RG-MIGRATE-DEMO-JE-001/providers/Microsoft.Compute/virtualMachines/vm-amig-ubu-001","vm-amig-ubu-001","Microsoft.Compute/virtualMachines","RG-MIGRATE-DEMO-JE-001","/subscriptions/1acecba7-23bd-4d4d-9770-0b11998514dc/resourceGroups/RG-MIGRATE-DEMO-JE-001/providers/Microsoft.Compute/virtualMachines/vm-amig-ubu-001/providers/Microsoft.Security/assessments/83839daf-cf6e-491f-c598-bcb1995b3c98"
"9b4bc025-2778-c089-92a3-8c06cc87632a","Update xxd","Medium","Unhealthy",,,"BestPractices","Misconfigurations","SystemUpdate",,,"/subscriptions/1acecba7-23bd-4d4d-9770-0b11998514dc/resourceGroups/RG-MIGRATE-DEMO-JE-001/providers/Microsoft.Compute/virtualMachines/vm-amig-ubu-001","vm-amig-ubu-001","Microsoft.Compute/virtualMachines","RG-MIGRATE-DEMO-JE-001","/subscriptions/1acecba7-23bd-4d4d-9770-0b11998514dc/resourceGroups/RG-MIGRATE-DEMO-JE-001/providers/Microsoft.Compute/virtualMachines/vm-amig-ubu-001/providers/Microsoft.Security/assessments/9b4bc025-2778-c089-92a3-8c06cc87632a"
"ec3f812f-3b49-eb8f-3144-a6d80a6eaa1c","Update vim_for_linux","Medium","Unhealthy",,,"Vulnerability","Vulnerabilities","SoftwareUpdate",,,"/subscriptions/1acecba7-23bd-4d4d-9770-0b11998514dc/resourceGroups/rg-migrate-demo-je-001/providers/Microsoft.Compute/virtualMachines/vm-amig-ubu-001","vm-amig-ubu-001","Microsoft.Compute/virtualMachines","rg-migrate-demo-je-001","/subscriptions/1acecba7-23bd-4d4d-9770-0b11998514dc/resourceGroups/rg-migrate-demo-je-001/providers/Microsoft.Compute/virtualMachines/vm-amig-ubu-001/providers/Microsoft.Security/assessments/ec3f812f-3b49-eb8f-3144-a6d80a6eaa1c"
"dfe6c0bc-8ac0-a5a9-544f-b0ceebb1aedc","Update vim-runtime_for_linux","High","Unhealthy",,,"Vulnerability","Vulnerabilities","SoftwareUpdate",,,"/subscriptions/1acecba7-23bd-4d4d-9770-0b11998514dc/resourceGroups/rg-migrate-demo-je-001/providers/Microsoft.Compute/virtualMachines/vm-amig-ubu-001","vm-amig-ubu-001","Microsoft.Compute/virtualMachines","rg-migrate-demo-je-001","/subscriptions/1acecba7-23bd-4d4d-9770-0b11998514dc/resourceGroups/rg-migrate-demo-je-001/providers/Microsoft.Compute/virtualMachines/vm-amig-ubu-001/providers/Microsoft.Security/assessments/dfe6c0bc-8ac0-a5a9-544f-b0ceebb1aedc"
"cc236e65-c4b8-4e4a-a284-2d1965badacf","Update vim-tiny_for_linux","High","Unhealthy",,,"Vulnerability","Vulnerabilities","SoftwareUpdate",,,"/subscriptions/1acecba7-23bd-4d4d-9770-0b11998514dc/resourceGroups/rg-migrate-demo-je-001/providers/Microsoft.Compute/virtualMachines/vm-amig-ubu-001","vm-amig-ubu-001","Microsoft.Compute/virtualMachines","rg-migrate-demo-je-001","/subscriptions/1acecba7-23bd-4d4d-9770-0b11998514dc/resourceGroups/rg-migrate-demo-je-001/providers/Microsoft.Compute/virtualMachines/vm-amig-ubu-001/providers/Microsoft.Security/assessments/cc236e65-c4b8-4e4a-a284-2d1965badacf"
"502d04f7-af1d-8294-4576-cb662a7c8343","Update vim-common_for_linux","High","Unhealthy",,,"Vulnerability","Vulnerabilities","SoftwareUpdate",,,"/subscriptions/1acecba7-23bd-4d4d-9770-0b11998514dc/resourceGroups/rg-migrate-demo-je-001/providers/Microsoft.Compute/virtualMachines/vm-amig-ubu-001","vm-amig-ubu-001","Microsoft.Compute/virtualMachines","rg-migrate-demo-je-001","/subscriptions/1acecba7-23bd-4d4d-9770-0b11998514dc/resourceGroups/rg-migrate-demo-je-001/providers/Microsoft.Compute/virtualMachines/vm-amig-ubu-001/providers/Microsoft.Security/assessments/502d04f7-af1d-8294-4576-cb662a7c8343"
"2138c8d4-da80-f0da-8349-6b76bf9a5bff","Update xxd_for_linux","High","Unhealthy",,,"Vulnerability","Vulnerabilities","SoftwareUpdate",,,"/subscriptions/1acecba7-23bd-4d4d-9770-0b11998514dc/resourceGroups/rg-migrate-demo-je-001/providers/Microsoft.Compute/virtualMachines/vm-amig-ubu-001","vm-amig-ubu-001","Microsoft.Compute/virtualMachines","rg-migrate-demo-je-001","/subscriptions/1acecba7-23bd-4d4d-9770-0b11998514dc/resourceGroups/rg-migrate-demo-je-001/providers/Microsoft.Compute/virtualMachines/vm-amig-ubu-001/providers/Microsoft.Security/assessments/2138c8d4-da80-f0da-8349-6b76bf9a5bff"
"f2aca0a8-7e15-dfe3-e6c9-69e210a4fd15","Update python3-httplib2_for_linux","High","Unhealthy",,,"Vulnerability","Vulnerabilities","SoftwareUpdate",,,"/subscriptions/1acecba7-23bd-4d4d-9770-0b11998514dc/resourceGroups/rg-migrate-demo-je-001/providers/Microsoft.Compute/virtualMachines/vm-amig-ubu-001","vm-amig-ubu-001","Microsoft.Compute/virtualMachines","rg-migrate-demo-je-001","/subscriptions/1acecba7-23bd-4d4d-9770-0b11998514dc/resourceGroups/rg-migrate-demo-je-001/providers/Microsoft.Compute/virtualMachines/vm-amig-ubu-001/providers/Microsoft.Security/assessments/f2aca0a8-7e15-dfe3-e6c9-69e210a4fd15"
"96e25b87-e920-8dfb-50a9-bb38d8ba4c4c","Update python3-idna_for_linux","Medium","Unhealthy",,,"Vulnerability","Vulnerabilities","SoftwareUpdate",,,"/subscriptions/1acecba7-23bd-4d4d-9770-0b11998514dc/resourceGroups/rg-migrate-demo-je-001/providers/Microsoft.Compute/virtualMachines/vm-amig-ubu-001","vm-amig-ubu-001","Microsoft.Compute/virtualMachines","rg-migrate-demo-je-001","/subscriptions/1acecba7-23bd-4d4d-9770-0b11998514dc/resourceGroups/rg-migrate-demo-je-001/providers/Microsoft.Compute/virtualMachines/vm-amig-ubu-001/providers/Microsoft.Security/assessments/96e25b87-e920-8dfb-50a9-bb38d8ba4c4c"
"0eb43387-0e67-e2b5-4e77-d4fde3118af8","Update wget_for_linux","Medium","Unhealthy",,,"Vulnerability","Vulnerabilities","SoftwareUpdate",,,"/subscriptions/1acecba7-23bd-4d4d-9770-0b11998514dc/resourceGroups/rg-migrate-demo-je-001/providers/Microsoft.Compute/virtualMachines/vm-amig-ubu-001","vm-amig-ubu-001","Microsoft.Compute/virtualMachines","rg-migrate-demo-je-001","/subscriptions/1acecba7-23bd-4d4d-9770-0b11998514dc/resourceGroups/rg-migrate-demo-je-001/providers/Microsoft.Compute/virtualMachines/vm-amig-ubu-001/providers/Microsoft.Security/assessments/0eb43387-0e67-e2b5-4e77-d4fde3118af8"
"342f71e0-8e97-536d-3ce7-4eb97a2a852b","Update snapd_for_linux","Medium","Unhealthy",,,"Vulnerability","Vulnerabilities","SoftwareUpdate",,,"/subscriptions/1acecba7-23bd-4d4d-9770-0b11998514dc/resourceGroups/RG-NWRI-JPE-20260709/providers/Microsoft.Compute/virtualMachines/vm-nwri-dst-jpe","vm-nwri-dst-jpe","Microsoft.Compute/virtualMachines","RG-NWRI-JPE-20260709","/subscriptions/1acecba7-23bd-4d4d-9770-0b11998514dc/resourceGroups/RG-NWRI-JPE-20260709/providers/Microsoft.Compute/virtualMachines/vm-nwri-dst-jpe/providers/Microsoft.Security/assessments/342f71e0-8e97-536d-3ce7-4eb97a2a852b"
"c3eaa6d8-0b7b-15fa-3b76-b325a97792dc","Update libnginx-mod-mail_for_linux","Low","Unhealthy",,,"Vulnerability","Vulnerabilities","SoftwareUpdate",,,"/subscriptions/1acecba7-23bd-4d4d-9770-0b11998514dc/resourceGroups/RG-NWRI-JPE-20260709/providers/Microsoft.Compute/virtualMachines/vm-nwri-dst-jpe","vm-nwri-dst-jpe","Microsoft.Compute/virtualMachines","RG-NWRI-JPE-20260709","/subscriptions/1acecba7-23bd-4d4d-9770-0b11998514dc/resourceGroups/RG-NWRI-JPE-20260709/providers/Microsoft.Compute/virtualMachines/vm-nwri-dst-jpe/providers/Microsoft.Security/assessments/c3eaa6d8-0b7b-15fa-3b76-b325a97792dc"
"1c83c623-91ca-4072-a405-992123d57bb3","Update nginx-common_for_linux","Low","Unhealthy",,,"Vulnerability","Vulnerabilities","SoftwareUpdate",,,"/subscriptions/1acecba7-23bd-4d4d-9770-0b11998514dc/resourceGroups/RG-NWRI-JPE-20260709/providers/Microsoft.Compute/virtualMachines/vm-nwri-dst-jpe","vm-nwri-dst-jpe","Microsoft.Compute/virtualMachines","RG-NWRI-JPE-20260709","/subscriptions/1acecba7-23bd-4d4d-9770-0b11998514dc/resourceGroups/RG-NWRI-JPE-20260709/providers/Microsoft.Compute/virtualMachines/vm-nwri-dst-jpe/providers/Microsoft.Security/assessments/1c83c623-91ca-4072-a405-992123d57bb3"
"d45ac694-0093-49da-b0ea-cc6f57b403b8","Update libnginx-mod-http-image-filter_for_linux","Low","Unhealthy",,,"Vulnerability","Vulnerabilities","SoftwareUpdate",,,"/subscriptions/1acecba7-23bd-4d4d-9770-0b11998514dc/resourceGroups/RG-NWRI-JPE-20260709/providers/Microsoft.Compute/virtualMachines/vm-nwri-dst-jpe","vm-nwri-dst-jpe","Microsoft.Compute/virtualMachines","RG-NWRI-JPE-20260709","/subscriptions/1acecba7-23bd-4d4d-9770-0b11998514dc/resourceGroups/RG-NWRI-JPE-20260709/providers/Microsoft.Compute/virtualMachines/vm-nwri-dst-jpe/providers/Microsoft.Security/assessments/d45ac694-0093-49da-b0ea-cc6f57b403b8"
"83ccc68b-8c89-d642-22ab-294c25a0b01a","Update libnginx-mod-http-geoip2_for_linux","Low","Unhealthy",,,"Vulnerability","Vulnerabilities","SoftwareUpdate",,,"/subscriptions/1acecba7-23bd-4d4d-9770-0b11998514dc/resourceGroups/RG-NWRI-JPE-20260709/providers/Microsoft.Compute/virtualMachines/vm-nwri-dst-jpe","vm-nwri-dst-jpe","Microsoft.Compute/virtualMachines","RG-NWRI-JPE-20260709","/subscriptions/1acecba7-23bd-4d4d-9770-0b11998514dc/resourceGroups/RG-NWRI-JPE-20260709/providers/Microsoft.Compute/virtualMachines/vm-nwri-dst-jpe/providers/Microsoft.Security/assessments/83ccc68b-8c89-d642-22ab-294c25a0b01a"
"6b19ec9a-7b19-bf20-f776-4aabbf9ed7c5","Update libnginx-mod-stream_for_linux","Low","Unhealthy",,,"Vulnerability","Vulnerabilities","SoftwareUpdate",,,"/subscriptions/1acecba7-23bd-4d4d-9770-0b11998514dc/resourceGroups/RG-NWRI-JPE-20260709/providers/Microsoft.Compute/virtualMachines/vm-nwri-dst-jpe","vm-nwri-dst-jpe","Microsoft.Compute/virtualMachines","RG-NWRI-JPE-20260709","/subscriptions/1acecba7-23bd-4d4d-9770-0b11998514dc/resourceGroups/RG-NWRI-JPE-20260709/providers/Microsoft.Compute/virtualMachines/vm-nwri-dst-jpe/providers/Microsoft.Security/assessments/6b19ec9a-7b19-bf20-f776-4aabbf9ed7c5"
"7e89cf18-4a2b-1bf1-4dfc-9b605cb2c9cd","Update nginx_for_linux","Medium","Unhealthy",,,"Vulnerability","Vulnerabilities","SoftwareUpdate",,,"/subscriptions/1acecba7-23bd-4d4d-9770-0b11998514dc/resourceGroups/RG-NWRI-JPE-20260709/providers/Microsoft.Compute/virtualMachines/vm-nwri-dst-jpe","vm-nwri-dst-jpe","Microsoft.Compute/virtualMachines","RG-NWRI-JPE-20260709","/subscriptions/1acecba7-23bd-4d4d-9770-0b11998514dc/resourceGroups/RG-NWRI-JPE-20260709/providers/Microsoft.Compute/virtualMachines/vm-nwri-dst-jpe/providers/Microsoft.Security/assessments/7e89cf18-4a2b-1bf1-4dfc-9b605cb2c9cd"
"def7e095-91eb-e9be-34a6-7b8ec61e24d1","Update libnginx-mod-stream-geoip2_for_linux","Low","Unhealthy",,,"Vulnerability","Vulnerabilities","SoftwareUpdate",,,"/subscriptions/1acecba7-23bd-4d4d-9770-0b11998514dc/resourceGroups/RG-NWRI-JPE-20260709/providers/Microsoft.Compute/virtualMachines/vm-nwri-dst-jpe","vm-nwri-dst-jpe","Microsoft.Compute/virtualMachines","RG-NWRI-JPE-20260709","/subscriptions/1acecba7-23bd-4d4d-9770-0b11998514dc/resourceGroups/RG-NWRI-JPE-20260709/providers/Microsoft.Compute/virtualMachines/vm-nwri-dst-jpe/providers/Microsoft.Security/assessments/def7e095-91eb-e9be-34a6-7b8ec61e24d1"
"099ffbe3-7c7d-8be9-c420-61a7470badeb","Update nginx-core_for_linux","Low","Unhealthy",,,"Vulnerability","Vulnerabilities","SoftwareUpdate",,,"/subscriptions/1acecba7-23bd-4d4d-9770-0b11998514dc/resourceGroups/RG-NWRI-JPE-20260709/providers/Microsoft.Compute/virtualMachines/vm-nwri-dst-jpe","vm-nwri-dst-jpe","Microsoft.Compute/virtualMachines","RG-NWRI-JPE-20260709","/subscriptions/1acecba7-23bd-4d4d-9770-0b11998514dc/resourceGroups/RG-NWRI-JPE-20260709/providers/Microsoft.Compute/virtualMachines/vm-nwri-dst-jpe/providers/Microsoft.Security/assessments/099ffbe3-7c7d-8be9-c420-61a7470badeb"
"8ee8421a-2064-794d-bfab-ebee06de5f70","Update libnginx-mod-http-xslt-filter_for_linux","Low","Unhealthy",,,"Vulnerability","Vulnerabilities","SoftwareUpdate",,,"/subscriptions/1acecba7-23bd-4d4d-9770-0b11998514dc/resourceGroups/RG-NWRI-JPE-20260709/providers/Microsoft.Compute/virtualMachines/vm-nwri-dst-jpe","vm-nwri-dst-jpe","Microsoft.Compute/virtualMachines","RG-NWRI-JPE-20260709","/subscriptions/1acecba7-23bd-4d4d-9770-0b11998514dc/resourceGroups/RG-NWRI-JPE-20260709/providers/Microsoft.Compute/virtualMachines/vm-nwri-dst-jpe/providers/Microsoft.Security/assessments/8ee8421a-2064-794d-bfab-ebee06de5f70"
"de092140-06ce-6c05-b5d9-87e7ed5930ad","Update krb5-locales_for_linux","High","Unhealthy",,,"Vulnerability","Vulnerabilities","SoftwareUpdate",,,"/subscriptions/1acecba7-23bd-4d4d-9770-0b11998514dc/resourceGroups/rg-migrate-demo-je-001/providers/Microsoft.Compute/virtualMachines/vm-amig-ubu-001","vm-amig-ubu-001","Microsoft.Compute/virtualMachines","rg-migrate-demo-je-001","/subscriptions/1acecba7-23bd-4d4d-9770-0b11998514dc/resourceGroups/rg-migrate-demo-je-001/providers/Microsoft.Compute/virtualMachines/vm-amig-ubu-001/providers/Microsoft.Security/assessments/de092140-06ce-6c05-b5d9-87e7ed5930ad"
"e82c270a-fcc9-a487-3c85-edd04a1e2b71","Update libgssapi-krb5-2_for_linux","High","Unhealthy",,,"Vulnerability","Vulnerabilities","SoftwareUpdate",,,"/subscriptions/1acecba7-23bd-4d4d-9770-0b11998514dc/resourceGroups/rg-migrate-demo-je-001/providers/Microsoft.Compute/virtualMachines/vm-amig-ubu-001","vm-amig-ubu-001","Microsoft.Compute/virtualMachines","rg-migrate-demo-je-001","/subscriptions/1acecba7-23bd-4d4d-9770-0b11998514dc/resourceGroups/rg-migrate-demo-je-001/providers/Microsoft.Compute/virtualMachines/vm-amig-ubu-001/providers/Microsoft.Security/assessments/e82c270a-fcc9-a487-3c85-edd04a1e2b71"
"5efa7fb6-cede-a673-0181-833c04ffa6e4","Update libkrb5support0_for_linux","High","Unhealthy",,,"Vulnerability","Vulnerabilities","SoftwareUpdate",,,"/subscriptions/1acecba7-23bd-4d4d-9770-0b11998514dc/resourceGroups/rg-migrate-demo-je-001/providers/Microsoft.Compute/virtualMachines/vm-amig-ubu-001","vm-amig-ubu-001","Microsoft.Compute/virtualMachines","rg-migrate-demo-je-001","/subscriptions/1acecba7-23bd-4d4d-9770-0b11998514dc/resourceGroups/rg-migrate-demo-je-001/providers/Microsoft.Compute/virtualMachines/vm-amig-ubu-001/providers/Microsoft.Security/assessments/5efa7fb6-cede-a673-0181-833c04ffa6e4"
"cc2262a0-7b05-f0e3-dbeb-00c0c9d377c2","Update libarchive13t64_for_linux","High","Unhealthy",,,"Vulnerability","Vulnerabilities","SoftwareUpdate",,,"/subscriptions/1acecba7-23bd-4d4d-9770-0b11998514dc/resourceGroups/rg-migrate-demo-je-001/providers/Microsoft.Compute/virtualMachines/vm-amig-ubu-001","vm-amig-ubu-001","Microsoft.Compute/virtualMachines","rg-migrate-demo-je-001","/subscriptions/1acecba7-23bd-4d4d-9770-0b11998514dc/resourceGroups/rg-migrate-demo-je-001/providers/Microsoft.Compute/virtualMachines/vm-amig-ubu-001/providers/Microsoft.Security/assessments/cc2262a0-7b05-f0e3-dbeb-00c0c9d377c2"
"5ded5b64-c337-393a-ca2e-3741f029a07d","Update gawk_for_linux","Low","Unhealthy",,,"Vulnerability","Vulnerabilities","SoftwareUpdate",,,"/subscriptions/1acecba7-23bd-4d4d-9770-0b11998514dc/resourceGroups/rg-migrate-demo-je-001/providers/Microsoft.Compute/virtualMachines/vm-amig-ubu-001","vm-amig-ubu-001","Microsoft.Compute/virtualMachines","rg-migrate-demo-je-001","/subscriptions/1acecba7-23bd-4d4d-9770-0b11998514dc/resourceGroups/rg-migrate-demo-je-001/providers/Microsoft.Compute/virtualMachines/vm-amig-ubu-001/providers/Microsoft.Security/assessments/5ded5b64-c337-393a-ca2e-3741f029a07d"
"a00261f0-f839-f550-e46a-bde700fe78a3","Update libkrb5-3_for_linux","High","Unhealthy",,,"Vulnerability","Vulnerabilities","SoftwareUpdate",,,"/subscriptions/1acecba7-23bd-4d4d-9770-0b11998514dc/resourceGroups/rg-migrate-demo-je-001/providers/Microsoft.Compute/virtualMachines/vm-amig-ubu-001","vm-amig-ubu-001","Microsoft.Compute/virtualMachines","rg-migrate-demo-je-001","/subscriptions/1acecba7-23bd-4d4d-9770-0b11998514dc/resourceGroups/rg-migrate-demo-je-001/providers/Microsoft.Compute/virtualMachines/vm-amig-ubu-001/providers/Microsoft.Security/assessments/a00261f0-f839-f550-e46a-bde700fe78a3"
"30ecd67e-91fd-6c79-829f-a2888e6dc8e5","Update libk5crypto3_for_linux","High","Unhealthy",,,"Vulnerability","Vulnerabilities","SoftwareUpdate",,,"/subscriptions/1acecba7-23bd-4d4d-9770-0b11998514dc/resourceGroups/rg-migrate-demo-je-001/providers/Microsoft.Compute/virtualMachines/vm-amig-ubu-001","vm-amig-ubu-001","Microsoft.Compute/virtualMachines","rg-migrate-demo-je-001","/subscriptions/1acecba7-23bd-4d4d-9770-0b11998514dc/resourceGroups/rg-migrate-demo-je-001/providers/Microsoft.Compute/virtualMachines/vm-amig-ubu-001/providers/Microsoft.Security/assessments/30ecd67e-91fd-6c79-829f-a2888e6dc8e5"
"1990969e-55d1-c803-31ae-140065e250a6","Update locales_for_linux","High","Unhealthy",,,"Vulnerability","Vulnerabilities","SoftwareUpdate",,,"/subscriptions/1acecba7-23bd-4d4d-9770-0b11998514dc/resourceGroups/rg-migrate-demo-je-001/providers/Microsoft.Compute/virtualMachines/vm-amig-ubu-001","vm-amig-ubu-001","Microsoft.Compute/virtualMachines","rg-migrate-demo-je-001","/subscriptions/1acecba7-23bd-4d4d-9770-0b11998514dc/resourceGroups/rg-migrate-demo-je-001/providers/Microsoft.Compute/virtualMachines/vm-amig-ubu-001/providers/Microsoft.Security/assessments/1990969e-55d1-c803-31ae-140065e250a6"
"e5a3fcfa-a98b-198b-c2fe-49e4ae6abcc7","Update libc6_for_linux","High","Unhealthy",,,"Vulnerability","Vulnerabilities","SoftwareUpdate",,,"/subscriptions/1acecba7-23bd-4d4d-9770-0b11998514dc/resourceGroups/rg-migrate-demo-je-001/providers/Microsoft.Compute/virtualMachines/vm-amig-ubu-001","vm-amig-ubu-001","Microsoft.Compute/virtualMachines","rg-migrate-demo-je-001","/subscriptions/1acecba7-23bd-4d4d-9770-0b11998514dc/resourceGroups/rg-migrate-demo-je-001/providers/Microsoft.Compute/virtualMachines/vm-amig-ubu-001/providers/Microsoft.Security/assessments/e5a3fcfa-a98b-198b-c2fe-49e4ae6abcc7"
"f3c10408-1e45-1c05-bf4b-8656b2b9b7e0","Update libc-bin_for_linux","High","Unhealthy",,,"Vulnerability","Vulnerabilities","SoftwareUpdate",,,"/subscriptions/1acecba7-23bd-4d4d-9770-0b11998514dc/resourceGroups/rg-migrate-demo-je-001/providers/Microsoft.Compute/virtualMachines/vm-amig-ubu-001","vm-amig-ubu-001","Microsoft.Compute/virtualMachines","rg-migrate-demo-je-001","/subscriptions/1acecba7-23bd-4d4d-9770-0b11998514dc/resourceGroups/rg-migrate-demo-je-001/providers/Microsoft.Compute/virtualMachines/vm-amig-ubu-001/providers/Microsoft.Security/assessments/f3c10408-1e45-1c05-bf4b-8656b2b9b7e0"
"512799ee-79ab-74be-7148-b482fdba8eb8","Update defender_antimalware_platform","High","Unhealthy",,,"Vulnerability","Vulnerabilities","SoftwareUpdate",,,"/subscriptions/1acecba7-23bd-4d4d-9770-0b11998514dc/resourceGroups/rg-migrate-demo-je-001/providers/Microsoft.Compute/virtualMachines/vm-amig-win-001","vm-amig-win-001","Microsoft.Compute/virtualMachines","rg-migrate-demo-je-001","/subscriptions/1acecba7-23bd-4d4d-9770-0b11998514dc/resourceGroups/rg-migrate-demo-je-001/providers/Microsoft.Compute/virtualMachines/vm-amig-win-001/providers/Microsoft.Security/assessments/512799ee-79ab-74be-7148-b482fdba8eb8"
"3f5b9c6a-c683-3719-fbef-14dea425191a","Update ntfs-3g_for_linux","Medium","Unhealthy",,,"Vulnerability","Vulnerabilities","SoftwareUpdate",,,"/subscriptions/1acecba7-23bd-4d4d-9770-0b11998514dc/resourceGroups/RG-NWRI-JPE-20260709/providers/Microsoft.Compute/virtualMachines/vm-nwri-src-jpe","vm-nwri-src-jpe","Microsoft.Compute/virtualMachines","RG-NWRI-JPE-20260709","/subscriptions/1acecba7-23bd-4d4d-9770-0b11998514dc/resourceGroups/RG-NWRI-JPE-20260709/providers/Microsoft.Compute/virtualMachines/vm-nwri-src-jpe/providers/Microsoft.Security/assessments/3f5b9c6a-c683-3719-fbef-14dea425191a"
"861f54da-31ef-fcb2-2637-658a4edbf4f9","Update edge_chromium-based","High","Unhealthy",,,"Vulnerability","Vulnerabilities","SoftwareUpdate",,,"/subscriptions/1acecba7-23bd-4d4d-9770-0b11998514dc/resourceGroups/rg-migrate-demo-je-001/providers/Microsoft.Compute/virtualMachines/vm-amig-appl-001","vm-amig-appl-001","Microsoft.Compute/virtualMachines","rg-migrate-demo-je-001","/subscriptions/1acecba7-23bd-4d4d-9770-0b11998514dc/resourceGroups/rg-migrate-demo-je-001/providers/Microsoft.Compute/virtualMachines/vm-amig-appl-001/providers/Microsoft.Security/assessments/861f54da-31ef-fcb2-2637-658a4edbf4f9"
"342f71e0-8e97-536d-3ce7-4eb97a2a852b","Update snapd_for_linux","Medium","Unhealthy",,,"Vulnerability","Vulnerabilities","SoftwareUpdate",,,"/subscriptions/1acecba7-23bd-4d4d-9770-0b11998514dc/resourceGroups/rg-migrate-demo-je-001/providers/Microsoft.Compute/virtualMachines/vm-amig-ubu-001","vm-amig-ubu-001","Microsoft.Compute/virtualMachines","rg-migrate-demo-je-001","/subscriptions/1acecba7-23bd-4d4d-9770-0b11998514dc/resourceGroups/rg-migrate-demo-je-001/providers/Microsoft.Compute/virtualMachines/vm-amig-ubu-001/providers/Microsoft.Security/assessments/342f71e0-8e97-536d-3ce7-4eb97a2a852b"
"af173089-8961-467f-5e21-9ca1b9a0a796","Update libsqlite3-0_for_linux","High","Unhealthy",,,"Vulnerability","Vulnerabilities","SoftwareUpdate",,,"/subscriptions/1acecba7-23bd-4d4d-9770-0b11998514dc/resourceGroups/rg-migrate-demo-je-001/providers/Microsoft.Compute/virtualMachines/vm-amig-ubu-001","vm-amig-ubu-001","Microsoft.Compute/virtualMachines","rg-migrate-demo-je-001","/subscriptions/1acecba7-23bd-4d4d-9770-0b11998514dc/resourceGroups/rg-migrate-demo-je-001/providers/Microsoft.Compute/virtualMachines/vm-amig-ubu-001/providers/Microsoft.Security/assessments/af173089-8961-467f-5e21-9ca1b9a0a796"
"e82c270a-fcc9-a487-3c85-edd04a1e2b71","Update libgssapi-krb5-2_for_linux","High","Unhealthy",,,"Vulnerability","Vulnerabilities","SoftwareUpdate",,,"/subscriptions/1acecba7-23bd-4d4d-9770-0b11998514dc/resourceGroups/RG-NWRI-JPE-20260709/providers/Microsoft.Compute/virtualMachines/vm-nwri-src-jpe","vm-nwri-src-jpe","Microsoft.Compute/virtualMachines","RG-NWRI-JPE-20260709","/subscriptions/1acecba7-23bd-4d4d-9770-0b11998514dc/resourceGroups/RG-NWRI-JPE-20260709/providers/Microsoft.Compute/virtualMachines/vm-nwri-src-jpe/providers/Microsoft.Security/assessments/e82c270a-fcc9-a487-3c85-edd04a1e2b71"
"5ded5b64-c337-393a-ca2e-3741f029a07d","Update gawk_for_linux","Low","Unhealthy",,,"Vulnerability","Vulnerabilities","SoftwareUpdate",,,"/subscriptions/1acecba7-23bd-4d4d-9770-0b11998514dc/resourceGroups/RG-NWRI-JPE-20260709/providers/Microsoft.Compute/virtualMachines/vm-nwri-src-jpe","vm-nwri-src-jpe","Microsoft.Compute/virtualMachines","RG-NWRI-JPE-20260709","/subscriptions/1acecba7-23bd-4d4d-9770-0b11998514dc/resourceGroups/RG-NWRI-JPE-20260709/providers/Microsoft.Compute/virtualMachines/vm-nwri-src-jpe/providers/Microsoft.Security/assessments/5ded5b64-c337-393a-ca2e-3741f029a07d"
"600de3c8-59c6-7d7a-c7ae-52f7189c0e10","Update libarchive13_for_linux","Medium","Unhealthy",,,"Vulnerability","Vulnerabilities","SoftwareUpdate",,,"/subscriptions/1acecba7-23bd-4d4d-9770-0b11998514dc/resourceGroups/RG-NWRI-JPE-20260709/providers/Microsoft.Compute/virtualMachines/vm-nwri-src-jpe","vm-nwri-src-jpe","Microsoft.Compute/virtualMachines","RG-NWRI-JPE-20260709","/subscriptions/1acecba7-23bd-4d4d-9770-0b11998514dc/resourceGroups/RG-NWRI-JPE-20260709/providers/Microsoft.Compute/virtualMachines/vm-nwri-src-jpe/providers/Microsoft.Security/assessments/600de3c8-59c6-7d7a-c7ae-52f7189c0e10"
"30ecd67e-91fd-6c79-829f-a2888e6dc8e5","Update libk5crypto3_for_linux","High","Unhealthy",,,"Vulnerability","Vulnerabilities","SoftwareUpdate",,,"/subscriptions/1acecba7-23bd-4d4d-9770-0b11998514dc/resourceGroups/RG-NWRI-JPE-20260709/providers/Microsoft.Compute/virtualMachines/vm-nwri-src-jpe","vm-nwri-src-jpe","Microsoft.Compute/virtualMachines","RG-NWRI-JPE-20260709","/subscriptions/1acecba7-23bd-4d4d-9770-0b11998514dc/resourceGroups/RG-NWRI-JPE-20260709/providers/Microsoft.Compute/virtualMachines/vm-nwri-src-jpe/providers/Microsoft.Security/assessments/30ecd67e-91fd-6c79-829f-a2888e6dc8e5"
"5efa7fb6-cede-a673-0181-833c04ffa6e4","Update libkrb5support0_for_linux","High","Unhealthy",,,"Vulnerability","Vulnerabilities","SoftwareUpdate",,,"/subscriptions/1acecba7-23bd-4d4d-9770-0b11998514dc/resourceGroups/RG-NWRI-JPE-20260709/providers/Microsoft.Compute/virtualMachines/vm-nwri-src-jpe","vm-nwri-src-jpe","Microsoft.Compute/virtualMachines","RG-NWRI-JPE-20260709","/subscriptions/1acecba7-23bd-4d4d-9770-0b11998514dc/resourceGroups/RG-NWRI-JPE-20260709/providers/Microsoft.Compute/virtualMachines/vm-nwri-src-jpe/providers/Microsoft.Security/assessments/5efa7fb6-cede-a673-0181-833c04ffa6e4"
"a00261f0-f839-f550-e46a-bde700fe78a3","Update libkrb5-3_for_linux","High","Unhealthy",,,"Vulnerability","Vulnerabilities","SoftwareUpdate",,,"/subscriptions/1acecba7-23bd-4d4d-9770-0b11998514dc/resourceGroups/RG-NWRI-JPE-20260709/providers/Microsoft.Compute/virtualMachines/vm-nwri-src-jpe","vm-nwri-src-jpe","Microsoft.Compute/virtualMachines","RG-NWRI-JPE-20260709","/subscriptions/1acecba7-23bd-4d4d-9770-0b11998514dc/resourceGroups/RG-NWRI-JPE-20260709/providers/Microsoft.Compute/virtualMachines/vm-nwri-src-jpe/providers/Microsoft.Security/assessments/a00261f0-f839-f550-e46a-bde700fe78a3"
"c1b716ec-cc7a-f077-6259-054d18c16e02","Update libpam-modules-bin_for_linux","High","Unhealthy",,,"Vulnerability","Vulnerabilities","SoftwareUpdate",,,"/subscriptions/1acecba7-23bd-4d4d-9770-0b11998514dc/resourceGroups/rg-migrate-demo-je-001/providers/Microsoft.Compute/virtualMachines/vm-amig-ubu-001","vm-amig-ubu-001","Microsoft.Compute/virtualMachines","rg-migrate-demo-je-001","/subscriptions/1acecba7-23bd-4d4d-9770-0b11998514dc/resourceGroups/rg-migrate-demo-je-001/providers/Microsoft.Compute/virtualMachines/vm-amig-ubu-001/providers/Microsoft.Security/assessments/c1b716ec-cc7a-f077-6259-054d18c16e02"
"74cccb8a-96d7-f987-b1b5-99c3c97ee30e","Update libpam-runtime_for_linux","Medium","Unhealthy",,,"Vulnerability","Vulnerabilities","SoftwareUpdate",,,"/subscriptions/1acecba7-23bd-4d4d-9770-0b11998514dc/resourceGroups/rg-migrate-demo-je-001/providers/Microsoft.Compute/virtualMachines/vm-amig-ubu-001","vm-amig-ubu-001","Microsoft.Compute/virtualMachines","rg-migrate-demo-je-001","/subscriptions/1acecba7-23bd-4d4d-9770-0b11998514dc/resourceGroups/rg-migrate-demo-je-001/providers/Microsoft.Compute/virtualMachines/vm-amig-ubu-001/providers/Microsoft.Security/assessments/74cccb8a-96d7-f987-b1b5-99c3c97ee30e"
"b70558fb-48d9-931b-8b44-e6de0924738c","Update libpam-modules_for_linux","Medium","Unhealthy",,,"Vulnerability","Vulnerabilities","SoftwareUpdate",,,"/subscriptions/1acecba7-23bd-4d4d-9770-0b11998514dc/resourceGroups/rg-migrate-demo-je-001/providers/Microsoft.Compute/virtualMachines/vm-amig-ubu-001","vm-amig-ubu-001","Microsoft.Compute/virtualMachines","rg-migrate-demo-je-001","/subscriptions/1acecba7-23bd-4d4d-9770-0b11998514dc/resourceGroups/rg-migrate-demo-je-001/providers/Microsoft.Compute/virtualMachines/vm-amig-ubu-001/providers/Microsoft.Security/assessments/b70558fb-48d9-931b-8b44-e6de0924738c"
"3bd8fce2-eb09-dd5c-d59c-98ecde99c51b","Update libpam0g_for_linux","High","Unhealthy",,,"Vulnerability","Vulnerabilities","SoftwareUpdate",,,"/subscriptions/1acecba7-23bd-4d4d-9770-0b11998514dc/resourceGroups/rg-migrate-demo-je-001/providers/Microsoft.Compute/virtualMachines/vm-amig-ubu-001","vm-amig-ubu-001","Microsoft.Compute/virtualMachines","rg-migrate-demo-je-001","/subscriptions/1acecba7-23bd-4d4d-9770-0b11998514dc/resourceGroups/rg-migrate-demo-je-001/providers/Microsoft.Compute/virtualMachines/vm-amig-ubu-001/providers/Microsoft.Security/assessments/3bd8fce2-eb09-dd5c-d59c-98ecde99c51b"
"af08af03-e065-79c2-b19e-8fa8f92e7250","Update rsyslog_for_linux","High","Unhealthy",,,"Vulnerability","Vulnerabilities","SoftwareUpdate",,,"/subscriptions/1acecba7-23bd-4d4d-9770-0b11998514dc/resourceGroups/rg-migrate-demo-je-001/providers/Microsoft.Compute/virtualMachines/vm-amig-ubu-001","vm-amig-ubu-001","Microsoft.Compute/virtualMachines","rg-migrate-demo-je-001","/subscriptions/1acecba7-23bd-4d4d-9770-0b11998514dc/resourceGroups/rg-migrate-demo-je-001/providers/Microsoft.Compute/virtualMachines/vm-amig-ubu-001/providers/Microsoft.Security/assessments/af08af03-e065-79c2-b19e-8fa8f92e7250"
"4490cbb5-7c85-9f41-8e79-45e7bc88da03","Update libwbclient0_for_linux","High","Unhealthy",,,"Vulnerability","Vulnerabilities","SoftwareUpdate",,,"/subscriptions/1acecba7-23bd-4d4d-9770-0b11998514dc/resourceGroups/RG-NWRI-JPE-20260709/providers/Microsoft.Compute/virtualMachines/vm-nwri-dst-jpe","vm-nwri-dst-jpe","Microsoft.Compute/virtualMachines","RG-NWRI-JPE-20260709","/subscriptions/1acecba7-23bd-4d4d-9770-0b11998514dc/resourceGroups/RG-NWRI-JPE-20260709/providers/Microsoft.Compute/virtualMachines/vm-nwri-dst-jpe/providers/Microsoft.Security/assessments/4490cbb5-7c85-9f41-8e79-45e7bc88da03"
"1990969e-55d1-c803-31ae-140065e250a6","Update locales_for_linux","High","Unhealthy",,,"Vulnerability","Vulnerabilities","SoftwareUpdate",,,"/subscriptions/1acecba7-23bd-4d4d-9770-0b11998514dc/resourceGroups/RG-NWRI-JPE-20260709/providers/Microsoft.Compute/virtualMachines/vm-nwri-dst-jpe","vm-nwri-dst-jpe","Microsoft.Compute/virtualMachines","RG-NWRI-JPE-20260709","/subscriptions/1acecba7-23bd-4d4d-9770-0b11998514dc/resourceGroups/RG-NWRI-JPE-20260709/providers/Microsoft.Compute/virtualMachines/vm-nwri-dst-jpe/providers/Microsoft.Security/assessments/1990969e-55d1-c803-31ae-140065e250a6"
"f3c10408-1e45-1c05-bf4b-8656b2b9b7e0","Update libc-bin_for_linux","High","Unhealthy",,,"Vulnerability","Vulnerabilities","SoftwareUpdate",,,"/subscriptions/1acecba7-23bd-4d4d-9770-0b11998514dc/resourceGroups/RG-NWRI-JPE-20260709/providers/Microsoft.Compute/virtualMachines/vm-nwri-dst-jpe","vm-nwri-dst-jpe","Microsoft.Compute/virtualMachines","RG-NWRI-JPE-20260709","/subscriptions/1acecba7-23bd-4d4d-9770-0b11998514dc/resourceGroups/RG-NWRI-JPE-20260709/providers/Microsoft.Compute/virtualMachines/vm-nwri-dst-jpe/providers/Microsoft.Security/assessments/f3c10408-1e45-1c05-bf4b-8656b2b9b7e0"
"e5a3fcfa-a98b-198b-c2fe-49e4ae6abcc7","Update libc6_for_linux","High","Unhealthy",,,"Vulnerability","Vulnerabilities","SoftwareUpdate",,,"/subscriptions/1acecba7-23bd-4d4d-9770-0b11998514dc/resourceGroups/RG-NWRI-JPE-20260709/providers/Microsoft.Compute/virtualMachines/vm-nwri-dst-jpe","vm-nwri-dst-jpe","Microsoft.Compute/virtualMachines","RG-NWRI-JPE-20260709","/subscriptions/1acecba7-23bd-4d4d-9770-0b11998514dc/resourceGroups/RG-NWRI-JPE-20260709/providers/Microsoft.Compute/virtualMachines/vm-nwri-dst-jpe/providers/Microsoft.Security/assessments/e5a3fcfa-a98b-198b-c2fe-49e4ae6abcc7"
"4490cbb5-7c85-9f41-8e79-45e7bc88da03","Update libwbclient0_for_linux","High","Unhealthy",,,"Vulnerability","Vulnerabilities","SoftwareUpdate",,,"/subscriptions/1acecba7-23bd-4d4d-9770-0b11998514dc/resourceGroups/rg-migrate-demo-je-001/providers/Microsoft.Compute/virtualMachines/vm-amig-ubu-001","vm-amig-ubu-001","Microsoft.Compute/virtualMachines","rg-migrate-demo-je-001","/subscriptions/1acecba7-23bd-4d4d-9770-0b11998514dc/resourceGroups/rg-migrate-demo-je-001/providers/Microsoft.Compute/virtualMachines/vm-amig-ubu-001/providers/Microsoft.Security/assessments/4490cbb5-7c85-9f41-8e79-45e7bc88da03"
