"Name","ResourceType","ResourceGroupName","Location","SubscriptionId","Sku","Kind","Tags","ResourceId"
"AGOwner","Microsoft.Insights/actiongroups","Default-ActivityLogAlerts","global","1acecba7-23bd-4d4d-9770-0b11998514dc",,,"","/subscriptions/1acecba7-23bd-4d4d-9770-0b11998514dc/resourceGroups/Default-ActivityLogAlerts/providers/Microsoft.Insights/actiongroups/AGOwner"
"tamemiya-8352-resource","Microsoft.CognitiveServices/accounts","Default-ActivityLogAlerts","westus3","1acecba7-23bd-4d4d-9770-0b11998514dc","S0","AIServices","","/subscriptions/1acecba7-23bd-4d4d-9770-0b11998514dc/resourceGroups/Default-ActivityLogAlerts/providers/Microsoft.CognitiveServices/accounts/tamemiya-8352-resource"
"tamemiya-8352-resource/tamemiya-8352","Microsoft.CognitiveServices/accounts/projects","Default-ActivityLogAlerts","westus3","1acecba7-23bd-4d4d-9770-0b11998514dc",,"AIServices","","/subscriptions/1acecba7-23bd-4d4d-9770-0b11998514dc/resourceGroups/Default-ActivityLogAlerts/providers/Microsoft.CognitiveServices/accounts/tamemiya-8352-resource/projects/tamemiya-8352"
"mcaps97700b11998514dc","Microsoft.Storage/storageAccounts","McapsGovernance","westus2","1acecba7-23bd-4d4d-9770-0b11998514dc","Standard_LRS","StorageV2","CreatedByPolicy=MCAPS Governance Team;Action=Do Not Delete;Contact=https://aka.ms/mcapsazuresupport","/subscriptions/1acecba7-23bd-4d4d-9770-0b11998514dc/resourceGroups/McapsGovernance/providers/Microsoft.Storage/storageAccounts/mcaps97700b11998514dc"
"mcaps97700b11998514dc-9737a4b1-9aaf-4d87-80cc-79a87f80bd37","Microsoft.EventGrid/systemTopics","mcapsgovernance","westus2","1acecba7-23bd-4d4d-9770-0b11998514dc",,,"","/subscriptions/1acecba7-23bd-4d4d-9770-0b11998514dc/resourceGroups/mcapsgovernance/providers/Microsoft.EventGrid/systemTopics/mcaps97700b11998514dc-9737a4b1-9aaf-4d87-80cc-79a87f80bd37"
"mcaps4d4d97700b11998514dc-la","Microsoft.OperationalInsights/workspaces","McapsGovernance","westus2","1acecba7-23bd-4d4d-9770-0b11998514dc",,,"CreatedByPolicy=MCAPS Governance Team;Action=Do Not Delete;Contact=https://aka.ms/mcapsazuresupport","/subscriptions/1acecba7-23bd-4d4d-9770-0b11998514dc/resourceGroups/McapsGovernance/providers/Microsoft.OperationalInsights/workspaces/mcaps4d4d97700b11998514dc-la"
"NetworkWatcher_japaneast","Microsoft.Network/networkWatchers","NetworkWatcherRG","japaneast","1acecba7-23bd-4d4d-9770-0b11998514dc",,,"","/subscriptions/1acecba7-23bd-4d4d-9770-0b11998514dc/resourceGroups/NetworkWatcherRG/providers/Microsoft.Network/networkWatchers/NetworkWatcher_japaneast"
"stdemogootyszw77dgs","Microsoft.Storage/storageAccounts","rg-inventory-demo","japaneast","1acecba7-23bd-4d4d-9770-0b11998514dc","Standard_LRS","StorageV2","project=AzureInventoryDemo;env=demo;owner=demo","/subscriptions/1acecba7-23bd-4d4d-9770-0b11998514dc/resourceGroups/rg-inventory-demo/providers/Microsoft.Storage/storageAccounts/stdemogootyszw77dgs"
"nsg-demo-shared","Microsoft.Network/networkSecurityGroups","rg-inventory-demo","japaneast","1acecba7-23bd-4d4d-9770-0b11998514dc",,,"project=AzureInventoryDemo;env=demo;owner=demo","/subscriptions/1acecba7-23bd-4d4d-9770-0b11998514dc/resourceGroups/rg-inventory-demo/providers/Microsoft.Network/networkSecurityGroups/nsg-demo-shared"
"nsg-demo-app","Microsoft.Network/networkSecurityGroups","rg-inventory-demo","japaneast","1acecba7-23bd-4d4d-9770-0b11998514dc",,,"project=AzureInventoryDemo;env=demo;owner=demo","/subscriptions/1acecba7-23bd-4d4d-9770-0b11998514dc/resourceGroups/rg-inventory-demo/providers/Microsoft.Network/networkSecurityGroups/nsg-demo-app"
"nsg-demo-web","Microsoft.Network/networkSecurityGroups","rg-inventory-demo","japaneast","1acecba7-23bd-4d4d-9770-0b11998514dc",,,"project=AzureInventoryDemo;env=demo;owner=demo","/subscriptions/1acecba7-23bd-4d4d-9770-0b11998514dc/resourceGroups/rg-inventory-demo/providers/Microsoft.Network/networkSecurityGroups/nsg-demo-web"
"nsg-demo-mgmt","Microsoft.Network/networkSecurityGroups","rg-inventory-demo","japaneast","1acecba7-23bd-4d4d-9770-0b11998514dc",,,"project=AzureInventoryDemo;env=demo;owner=demo","/subscriptions/1acecba7-23bd-4d4d-9770-0b11998514dc/resourceGroups/rg-inventory-demo/providers/Microsoft.Network/networkSecurityGroups/nsg-demo-mgmt"
"nsg-demo-db","Microsoft.Network/networkSecurityGroups","rg-inventory-demo","japaneast","1acecba7-23bd-4d4d-9770-0b11998514dc",,,"project=AzureInventoryDemo;env=demo;owner=demo","/subscriptions/1acecba7-23bd-4d4d-9770-0b11998514dc/resourceGroups/rg-inventory-demo/providers/Microsoft.Network/networkSecurityGroups/nsg-demo-db"
"pip-vm-demo-web-01","Microsoft.Network/publicIPAddresses","rg-inventory-demo","japaneast","1acecba7-23bd-4d4d-9770-0b11998514dc","Standard",,"env=demo;owner=demo;project=AzureInventoryDemo","/subscriptions/1acecba7-23bd-4d4d-9770-0b11998514dc/resourceGroups/rg-inventory-demo/providers/Microsoft.Network/publicIPAddresses/pip-vm-demo-web-01"
"vnet-demo","Microsoft.Network/virtualNetworks","rg-inventory-demo","japaneast","1acecba7-23bd-4d4d-9770-0b11998514dc",,,"project=AzureInventoryDemo;owner=demo;env=demo","/subscriptions/1acecba7-23bd-4d4d-9770-0b11998514dc/resourceGroups/rg-inventory-demo/providers/Microsoft.Network/virtualNetworks/vnet-demo"
"nic-vm-demo-db-01","Microsoft.Network/networkInterfaces","rg-inventory-demo","japaneast","1acecba7-23bd-4d4d-9770-0b11998514dc",,,"project=AzureInventoryDemo;env=demo;owner=demo","/subscriptions/1acecba7-23bd-4d4d-9770-0b11998514dc/resourceGroups/rg-inventory-demo/providers/Microsoft.Network/networkInterfaces/nic-vm-demo-db-01"
"nic-vm-demo-app-01","Microsoft.Network/networkInterfaces","rg-inventory-demo","japaneast","1acecba7-23bd-4d4d-9770-0b11998514dc",,,"project=AzureInventoryDemo;env=demo;owner=demo","/subscriptions/1acecba7-23bd-4d4d-9770-0b11998514dc/resourceGroups/rg-inventory-demo/providers/Microsoft.Network/networkInterfaces/nic-vm-demo-app-01"
"nic-vm-demo-app-02","Microsoft.Network/networkInterfaces","rg-inventory-demo","japaneast","1acecba7-23bd-4d4d-9770-0b11998514dc",,,"project=AzureInventoryDemo;env=demo;owner=demo","/subscriptions/1acecba7-23bd-4d4d-9770-0b11998514dc/resourceGroups/rg-inventory-demo/providers/Microsoft.Network/networkInterfaces/nic-vm-demo-app-02"
"nic-vm-demo-web-01","Microsoft.Network/networkInterfaces","rg-inventory-demo","japaneast","1acecba7-23bd-4d4d-9770-0b11998514dc",,,"project=AzureInventoryDemo;env=demo;owner=demo","/subscriptions/1acecba7-23bd-4d4d-9770-0b11998514dc/resourceGroups/rg-inventory-demo/providers/Microsoft.Network/networkInterfaces/nic-vm-demo-web-01"
"nic-vm-demo-mgmt-01","Microsoft.Network/networkInterfaces","rg-inventory-demo","japaneast","1acecba7-23bd-4d4d-9770-0b11998514dc",,,"project=AzureInventoryDemo;env=demo;owner=demo","/subscriptions/1acecba7-23bd-4d4d-9770-0b11998514dc/resourceGroups/rg-inventory-demo/providers/Microsoft.Network/networkInterfaces/nic-vm-demo-mgmt-01"
"vm-demo-db-01","Microsoft.Compute/virtualMachines","rg-inventory-demo","japaneast","1acecba7-23bd-4d4d-9770-0b11998514dc",,,"project=AzureInventoryDemo;env=demo;owner=demo","/subscriptions/1acecba7-23bd-4d4d-9770-0b11998514dc/resourceGroups/rg-inventory-demo/providers/Microsoft.Compute/virtualMachines/vm-demo-db-01"
"vm-demo-app-01","Microsoft.Compute/virtualMachines","rg-inventory-demo","japaneast","1acecba7-23bd-4d4d-9770-0b11998514dc",,,"project=AzureInventoryDemo;env=demo;owner=demo","/subscriptions/1acecba7-23bd-4d4d-9770-0b11998514dc/resourceGroups/rg-inventory-demo/providers/Microsoft.Compute/virtualMachines/vm-demo-app-01"
"vm-demo-mgmt-01","Microsoft.Compute/virtualMachines","rg-inventory-demo","japaneast","1acecba7-23bd-4d4d-9770-0b11998514dc",,,"project=AzureInventoryDemo;env=demo;owner=demo","/subscriptions/1acecba7-23bd-4d4d-9770-0b11998514dc/resourceGroups/rg-inventory-demo/providers/Microsoft.Compute/virtualMachines/vm-demo-mgmt-01"
"vm-demo-app-02","Microsoft.Compute/virtualMachines","rg-inventory-demo","japaneast","1acecba7-23bd-4d4d-9770-0b11998514dc",,,"project=AzureInventoryDemo;env=demo;owner=demo","/subscriptions/1acecba7-23bd-4d4d-9770-0b11998514dc/resourceGroups/rg-inventory-demo/providers/Microsoft.Compute/virtualMachines/vm-demo-app-02"
"vm-demo-db-01_OsDisk_1_85ac425398fe4cca995190d561270e35","Microsoft.Compute/disks","RG-INVENTORY-DEMO","japaneast","1acecba7-23bd-4d4d-9770-0b11998514dc","Standard_LRS",,"","/subscriptions/1acecba7-23bd-4d4d-9770-0b11998514dc/resourceGroups/RG-INVENTORY-DEMO/providers/Microsoft.Compute/disks/vm-demo-db-01_OsDisk_1_85ac425398fe4cca995190d561270e35"
"vm-demo-app-01_OsDisk_1_e89fd7546f2f430bb4c2eda57be7a17c","Microsoft.Compute/disks","RG-INVENTORY-DEMO","japaneast","1acecba7-23bd-4d4d-9770-0b11998514dc","Standard_LRS",,"","/subscriptions/1acecba7-23bd-4d4d-9770-0b11998514dc/resourceGroups/RG-INVENTORY-DEMO/providers/Microsoft.Compute/disks/vm-demo-app-01_OsDisk_1_e89fd7546f2f430bb4c2eda57be7a17c"
"vm-demo-mgmt-01_OsDisk_1_94fcba78c6ed43aea9dd0b66c9bc83cc","Microsoft.Compute/disks","RG-INVENTORY-DEMO","japaneast","1acecba7-23bd-4d4d-9770-0b11998514dc","Standard_LRS",,"","/subscriptions/1acecba7-23bd-4d4d-9770-0b11998514dc/resourceGroups/RG-INVENTORY-DEMO/providers/Microsoft.Compute/disks/vm-demo-mgmt-01_OsDisk_1_94fcba78c6ed43aea9dd0b66c9bc83cc"
"vm-demo-app-02_OsDisk_1_5cb5007064c247558fe1bb771768070c","Microsoft.Compute/disks","RG-INVENTORY-DEMO","japaneast","1acecba7-23bd-4d4d-9770-0b11998514dc","Standard_LRS",,"","/subscriptions/1acecba7-23bd-4d4d-9770-0b11998514dc/resourceGroups/RG-INVENTORY-DEMO/providers/Microsoft.Compute/disks/vm-demo-app-02_OsDisk_1_5cb5007064c247558fe1bb771768070c"
"vm-demo-web-01","Microsoft.Compute/virtualMachines","rg-inventory-demo","japaneast","1acecba7-23bd-4d4d-9770-0b11998514dc",,,"project=AzureInventoryDemo;env=demo;owner=demo","/subscriptions/1acecba7-23bd-4d4d-9770-0b11998514dc/resourceGroups/rg-inventory-demo/providers/Microsoft.Compute/virtualMachines/vm-demo-web-01"
"vm-demo-web-01_OsDisk_1_2392e93e7c42432894a9e1d1ba5e26ce","Microsoft.Compute/disks","RG-INVENTORY-DEMO","japaneast","1acecba7-23bd-4d4d-9770-0b11998514dc","Standard_LRS",,"","/subscriptions/1acecba7-23bd-4d4d-9770-0b11998514dc/resourceGroups/RG-INVENTORY-DEMO/providers/Microsoft.Compute/disks/vm-demo-web-01_OsDisk_1_2392e93e7c42432894a9e1d1ba5e26ce"
"vm-demo-app-01/MDE.Linux","Microsoft.Compute/virtualMachines/extensions","RG-INVENTORY-DEMO","japaneast","1acecba7-23bd-4d4d-9770-0b11998514dc",,,"","/subscriptions/1acecba7-23bd-4d4d-9770-0b11998514dc/resourceGroups/RG-INVENTORY-DEMO/providers/Microsoft.Compute/virtualMachines/vm-demo-app-01/extensions/MDE.Linux"
"vm-demo-app-02/MDE.Linux","Microsoft.Compute/virtualMachines/extensions","RG-INVENTORY-DEMO","japaneast","1acecba7-23bd-4d4d-9770-0b11998514dc",,,"","/subscriptions/1acecba7-23bd-4d4d-9770-0b11998514dc/resourceGroups/RG-INVENTORY-DEMO/providers/Microsoft.Compute/virtualMachines/vm-demo-app-02/extensions/MDE.Linux"
"vm-demo-db-01/MDE.Linux","Microsoft.Compute/virtualMachines/extensions","RG-INVENTORY-DEMO","japaneast","1acecba7-23bd-4d4d-9770-0b11998514dc",,,"","/subscriptions/1acecba7-23bd-4d4d-9770-0b11998514dc/resourceGroups/RG-INVENTORY-DEMO/providers/Microsoft.Compute/virtualMachines/vm-demo-db-01/extensions/MDE.Linux"
"vm-demo-mgmt-01/MDE.Linux","Microsoft.Compute/virtualMachines/extensions","RG-INVENTORY-DEMO","japaneast","1acecba7-23bd-4d4d-9770-0b11998514dc",,,"","/subscriptions/1acecba7-23bd-4d4d-9770-0b11998514dc/resourceGroups/RG-INVENTORY-DEMO/providers/Microsoft.Compute/virtualMachines/vm-demo-mgmt-01/extensions/MDE.Linux"
"vm-demo-web-01/MDE.Linux","Microsoft.Compute/virtualMachines/extensions","RG-INVENTORY-DEMO","japaneast","1acecba7-23bd-4d4d-9770-0b11998514dc",,,"","/subscriptions/1acecba7-23bd-4d4d-9770-0b11998514dc/resourceGroups/RG-INVENTORY-DEMO/providers/Microsoft.Compute/virtualMachines/vm-demo-web-01/extensions/MDE.Linux"
"stdemogootyszw77dgs-d2f57724-e7b4-4b98-b4b4-95d64903ba8e","Microsoft.EventGrid/systemTopics","rg-inventory-demo","japaneast","1acecba7-23bd-4d4d-9770-0b11998514dc",,,"","/subscriptions/1acecba7-23bd-4d4d-9770-0b11998514dc/resourceGroups/rg-inventory-demo/providers/Microsoft.EventGrid/systemTopics/stdemogootyszw77dgs-d2f57724-e7b4-4b98-b4b4-95d64903ba8e"
"vm-pw-ops-dev-jpw-27161NSG","Microsoft.Network/networkSecurityGroups","rg-pw-ops-dev-jpe-27161","japanwest","1acecba7-23bd-4d4d-9770-0b11998514dc",,,"","/subscriptions/1acecba7-23bd-4d4d-9770-0b11998514dc/resourceGroups/rg-pw-ops-dev-jpe-27161/providers/Microsoft.Network/networkSecurityGroups/vm-pw-ops-dev-jpw-27161NSG"
"vm-pw-ops-dev-jpw-27161VNET","Microsoft.Network/virtualNetworks","rg-pw-ops-dev-jpe-27161","japanwest","1acecba7-23bd-4d4d-9770-0b11998514dc",,,"","/subscriptions/1acecba7-23bd-4d4d-9770-0b11998514dc/resourceGroups/rg-pw-ops-dev-jpe-27161/providers/Microsoft.Network/virtualNetworks/vm-pw-ops-dev-jpw-27161VNET"
"vm-pw-ops-dev-jpw-27161PublicIP","Microsoft.Network/publicIPAddresses","rg-pw-ops-dev-jpe-27161","japanwest","1acecba7-23bd-4d4d-9770-0b11998514dc","Standard",,"","/subscriptions/1acecba7-23bd-4d4d-9770-0b11998514dc/resourceGroups/rg-pw-ops-dev-jpe-27161/providers/Microsoft.Network/publicIPAddresses/vm-pw-ops-dev-jpw-27161PublicIP"
"NetworkWatcher_japanwest","Microsoft.Network/networkWatchers","NetworkWatcherRG","japanwest","1acecba7-23bd-4d4d-9770-0b11998514dc",,,"","/subscriptions/1acecba7-23bd-4d4d-9770-0b11998514dc/resourceGroups/NetworkWatcherRG/providers/Microsoft.Network/networkWatchers/NetworkWatcher_japanwest"
"vm-pw-ops-dev-jpw-27161VMNic","Microsoft.Network/networkInterfaces","rg-pw-ops-dev-jpe-27161","japanwest","1acecba7-23bd-4d4d-9770-0b11998514dc",,,"","/subscriptions/1acecba7-23bd-4d4d-9770-0b11998514dc/resourceGroups/rg-pw-ops-dev-jpe-27161/providers/Microsoft.Network/networkInterfaces/vm-pw-ops-dev-jpw-27161VMNic"
"vm-pw-ops-dev-jpw-27161","Microsoft.Compute/virtualMachines","rg-pw-ops-dev-jpe-27161","japanwest","1acecba7-23bd-4d4d-9770-0b11998514dc",,,"","/subscriptions/1acecba7-23bd-4d4d-9770-0b11998514dc/resourceGroups/rg-pw-ops-dev-jpe-27161/providers/Microsoft.Compute/virtualMachines/vm-pw-ops-dev-jpw-27161"
"vm-pw-ops-dev-jpw-27161_OsDisk_1_d208705db396475a997b7edc60a576f9","Microsoft.Compute/disks","RG-PW-OPS-DEV-JPE-27161","japanwest","1acecba7-23bd-4d4d-9770-0b11998514dc","Standard_LRS",,"","/subscriptions/1acecba7-23bd-4d4d-9770-0b11998514dc/resourceGroups/RG-PW-OPS-DEV-JPE-27161/providers/Microsoft.Compute/disks/vm-pw-ops-dev-jpw-27161_OsDisk_1_d208705db396475a997b7edc60a576f9"
"vm-pw-ops-dev-jpw-27161/MDE.Linux","Microsoft.Compute/virtualMachines/extensions","RG-PW-OPS-DEV-JPE-27161","japanwest","1acecba7-23bd-4d4d-9770-0b11998514dc",,,"","/subscriptions/1acecba7-23bd-4d4d-9770-0b11998514dc/resourceGroups/RG-PW-OPS-DEV-JPE-27161/providers/Microsoft.Compute/virtualMachines/vm-pw-ops-dev-jpw-27161/extensions/MDE.Linux"
"vm-pw-ops-dev-jpw-27161VNET-vm-pw-ops-dev-jpw-27161Subnet-nsg-japanwest","Microsoft.Network/networkSecurityGroups","rg-pw-ops-dev-jpe-27161","japanwest","1acecba7-23bd-4d4d-9770-0b11998514dc",,,"","/subscriptions/1acecba7-23bd-4d4d-9770-0b11998514dc/resourceGroups/rg-pw-ops-dev-jpe-27161/providers/Microsoft.Network/networkSecurityGroups/vm-pw-ops-dev-jpw-27161VNET-vm-pw-ops-dev-jpw-27161Subnet-nsg-japanwest"
"nsg-nwri-workload-jpe","Microsoft.Network/networkSecurityGroups","rg-nwri-jpe-20260709","japaneast","1acecba7-23bd-4d4d-9770-0b11998514dc",,,"purpose=demo;owner=csa;demoTheme=network-watcher-rule-impact;createdBy=GitHubCopilotBrowserAutomation;deleteAfter=2026-07-31","/subscriptions/1acecba7-23bd-4d4d-9770-0b11998514dc/resourceGroups/rg-nwri-jpe-20260709/providers/Microsoft.Network/networkSecurityGroups/nsg-nwri-workload-jpe"
"nwrilkb2l5f6fuhds","Microsoft.Storage/storageAccounts","rg-nwri-jpe-20260709","japaneast","1acecba7-23bd-4d4d-9770-0b11998514dc","Standard_LRS","StorageV2","purpose=demo;owner=csa;demoTheme=network-watcher-rule-impact;createdBy=GitHubCopilotBrowserAutomation;deleteAfter=2026-07-31","/subscriptions/1acecba7-23bd-4d4d-9770-0b11998514dc/resourceGroups/rg-nwri-jpe-20260709/providers/Microsoft.Storage/storageAccounts/nwrilkb2l5f6fuhds"
"vnet-nwri-jpe","Microsoft.Network/virtualNetworks","rg-nwri-jpe-20260709","japaneast","1acecba7-23bd-4d4d-9770-0b11998514dc",,,"createdBy=GitHubCopilotBrowserAutomation;demoTheme=network-watcher-rule-impact;purpose=demo;owner=csa;deleteAfter=2026-07-31","/subscriptions/1acecba7-23bd-4d4d-9770-0b11998514dc/resourceGroups/rg-nwri-jpe-20260709/providers/Microsoft.Network/virtualNetworks/vnet-nwri-jpe"
"vm-nwri-dst-jpe-nic","Microsoft.Network/networkInterfaces","rg-nwri-jpe-20260709","japaneast","1acecba7-23bd-4d4d-9770-0b11998514dc",,,"purpose=demo;owner=csa;demoTheme=network-watcher-rule-impact;createdBy=GitHubCopilotBrowserAutomation;deleteAfter=2026-07-31","/subscriptions/1acecba7-23bd-4d4d-9770-0b11998514dc/resourceGroups/rg-nwri-jpe-20260709/providers/Microsoft.Network/networkInterfaces/vm-nwri-dst-jpe-nic"
"vm-nwri-src-jpe-nic","Microsoft.Network/networkInterfaces","rg-nwri-jpe-20260709","japaneast","1acecba7-23bd-4d4d-9770-0b11998514dc",,,"purpose=demo;owner=csa;demoTheme=network-watcher-rule-impact;createdBy=GitHubCopilotBrowserAutomation;deleteAfter=2026-07-31","/subscriptions/1acecba7-23bd-4d4d-9770-0b11998514dc/resourceGroups/rg-nwri-jpe-20260709/providers/Microsoft.Network/networkInterfaces/vm-nwri-src-jpe-nic"
"vm-nwri-dst-jpe","Microsoft.Compute/virtualMachines","rg-nwri-jpe-20260709","japaneast","1acecba7-23bd-4d4d-9770-0b11998514dc",,,"purpose=demo;owner=csa;demoTheme=network-watcher-rule-impact;createdBy=GitHubCopilotBrowserAutomation;deleteAfter=2026-07-31","/subscriptions/1acecba7-23bd-4d4d-9770-0b11998514dc/resourceGroups/rg-nwri-jpe-20260709/providers/Microsoft.Compute/virtualMachines/vm-nwri-dst-jpe"
"vm-nwri-src-jpe","Microsoft.Compute/virtualMachines","rg-nwri-jpe-20260709","japaneast","1acecba7-23bd-4d4d-9770-0b11998514dc",,,"purpose=demo;owner=csa;demoTheme=network-watcher-rule-impact;createdBy=GitHubCopilotBrowserAutomation;deleteAfter=2026-07-31","/subscriptions/1acecba7-23bd-4d4d-9770-0b11998514dc/resourceGroups/rg-nwri-jpe-20260709/providers/Microsoft.Compute/virtualMachines/vm-nwri-src-jpe"
"vm-nwri-dst-jpe_disk1_8ab5bd0fba01487db8fdadb3a014522b","Microsoft.Compute/disks","RG-NWRI-JPE-20260709","japaneast","1acecba7-23bd-4d4d-9770-0b11998514dc","Standard_LRS",,"purpose=demo;owner=csa;demoTheme=network-watcher-rule-impact;createdBy=GitHubCopilotBrowserAutomation;deleteAfter=2026-07-31","/subscriptions/1acecba7-23bd-4d4d-9770-0b11998514dc/resourceGroups/RG-NWRI-JPE-20260709/providers/Microsoft.Compute/disks/vm-nwri-dst-jpe_disk1_8ab5bd0fba01487db8fdadb3a014522b"
"vm-nwri-src-jpe_OsDisk_1_cb8a7c294776415f9732b629726f07f6","Microsoft.Compute/disks","RG-NWRI-JPE-20260709","japaneast","1acecba7-23bd-4d4d-9770-0b11998514dc","Standard_LRS",,"purpose=demo;owner=csa;demoTheme=network-watcher-rule-impact;createdBy=GitHubCopilotBrowserAutomation;deleteAfter=2026-07-31","/subscriptions/1acecba7-23bd-4d4d-9770-0b11998514dc/resourceGroups/RG-NWRI-JPE-20260709/providers/Microsoft.Compute/disks/vm-nwri-src-jpe_OsDisk_1_cb8a7c294776415f9732b629726f07f6"
"vm-nwri-dst-jpe/rule-impact-destination-setup","Microsoft.Compute/virtualMachines/extensions","rg-nwri-jpe-20260709","japaneast","1acecba7-23bd-4d4d-9770-0b11998514dc",,,"","/subscriptions/1acecba7-23bd-4d4d-9770-0b11998514dc/resourceGroups/rg-nwri-jpe-20260709/providers/Microsoft.Compute/virtualMachines/vm-nwri-dst-jpe/extensions/rule-impact-destination-setup"
"law-nwri-jpe-lkb2l5f6fuhds","Microsoft.OperationalInsights/workspaces","rg-nwri-jpe-20260709","japaneast","1acecba7-23bd-4d4d-9770-0b11998514dc",,,"purpose=demo;owner=csa;demoTheme=network-watcher-rule-impact;createdBy=GitHubCopilotBrowserAutomation;deleteAfter=2026-07-31","/subscriptions/1acecba7-23bd-4d4d-9770-0b11998514dc/resourceGroups/rg-nwri-jpe-20260709/providers/Microsoft.OperationalInsights/workspaces/law-nwri-jpe-lkb2l5f6fuhds"
"vm-nwri-src-jpe/rule-impact-source-setup","Microsoft.Compute/virtualMachines/extensions","rg-nwri-jpe-20260709","japaneast","1acecba7-23bd-4d4d-9770-0b11998514dc",,,"","/subscriptions/1acecba7-23bd-4d4d-9770-0b11998514dc/resourceGroups/rg-nwri-jpe-20260709/providers/Microsoft.Compute/virtualMachines/vm-nwri-src-jpe/extensions/rule-impact-source-setup"
"NetworkWatcher_japaneast/fl-nwri-vnet-jpe","Microsoft.Network/networkWatchers/flowLogs","NetworkWatcherRG","japaneast","1acecba7-23bd-4d4d-9770-0b11998514dc",,,"purpose=demo;owner=csa;demoTheme=network-watcher-rule-impact;createdBy=GitHubCopilotBrowserAutomation;deleteAfter=2026-07-31","/subscriptions/1acecba7-23bd-4d4d-9770-0b11998514dc/resourceGroups/NetworkWatcherRG/providers/Microsoft.Network/networkWatchers/NetworkWatcher_japaneast/flowLogs/fl-nwri-vnet-jpe"
"NWTA-430bd44b-0036-437c-9fd9-7f0405IFTZ84","Microsoft.Insights/dataCollectionEndpoints","rg-nwri-jpe-20260709","japaneast","1acecba7-23bd-4d4d-9770-0b11998514dc",,,"","/subscriptions/1acecba7-23bd-4d4d-9770-0b11998514dc/resourceGroups/rg-nwri-jpe-20260709/providers/Microsoft.Insights/dataCollectionEndpoints/NWTA-430bd44b-0036-437c-9fd9-7f0405IFTZ84"
"NWTA-430bd44b-0036-437c-9fd9-7f04059af0004FF8I6","Microsoft.Insights/dataCollectionRules","rg-nwri-jpe-20260709","japaneast","1acecba7-23bd-4d4d-9770-0b11998514dc",,,"","/subscriptions/1acecba7-23bd-4d4d-9770-0b11998514dc/resourceGroups/rg-nwri-jpe-20260709/providers/Microsoft.Insights/dataCollectionRules/NWTA-430bd44b-0036-437c-9fd9-7f04059af0004FF8I6"
"vm-nwri-dst-jpe/MDE.Linux","Microsoft.Compute/virtualMachines/extensions","RG-NWRI-JPE-20260709","japaneast","1acecba7-23bd-4d4d-9770-0b11998514dc",,,"","/subscriptions/1acecba7-23bd-4d4d-9770-0b11998514dc/resourceGroups/RG-NWRI-JPE-20260709/providers/Microsoft.Compute/virtualMachines/vm-nwri-dst-jpe/extensions/MDE.Linux"
"vm-nwri-src-jpe/MDE.Linux","Microsoft.Compute/virtualMachines/extensions","RG-NWRI-JPE-20260709","japaneast","1acecba7-23bd-4d4d-9770-0b11998514dc",,,"","/subscriptions/1acecba7-23bd-4d4d-9770-0b11998514dc/resourceGroups/RG-NWRI-JPE-20260709/providers/Microsoft.Compute/virtualMachines/vm-nwri-src-jpe/extensions/MDE.Linux"
"nwrilkb2l5f6fuhds-b76efd16-f2b5-4e7b-8843-59b265acf065","Microsoft.EventGrid/systemTopics","rg-nwri-jpe-20260709","japaneast","1acecba7-23bd-4d4d-9770-0b11998514dc",,,"","/subscriptions/1acecba7-23bd-4d4d-9770-0b11998514dc/resourceGroups/rg-nwri-jpe-20260709/providers/Microsoft.EventGrid/systemTopics/nwrilkb2l5f6fuhds-b76efd16-f2b5-4e7b-8843-59b265acf065"
"nsg-nwri-candidate-jpe","Microsoft.Network/networkSecurityGroups","rg-nwri-jpe-20260709","japaneast","1acecba7-23bd-4d4d-9770-0b11998514dc",,,"purpose=demo;createdBy=GitHubCopilotBrowserAutomation","/subscriptions/1acecba7-23bd-4d4d-9770-0b11998514dc/resourceGroups/rg-nwri-jpe-20260709/providers/Microsoft.Network/networkSecurityGroups/nsg-nwri-candidate-jpe"
"vnet-demo-snet-web-nsg-japaneast","Microsoft.Network/networkSecurityGroups","rg-inventory-demo","japaneast","1acecba7-23bd-4d4d-9770-0b11998514dc",,,"env=demo;owner=demo;project=AzureInventoryDemo","/subscriptions/1acecba7-23bd-4d4d-9770-0b11998514dc/resourceGroups/rg-inventory-demo/providers/Microsoft.Network/networkSecurityGroups/vnet-demo-snet-web-nsg-japaneast"
"vnet-nwri-jpe-snet-workload-nsg-japaneast","Microsoft.Network/networkSecurityGroups","rg-nwri-jpe-20260709","japaneast","1acecba7-23bd-4d4d-9770-0b11998514dc",,,"createdBy=GitHubCopilotBrowserAutomation;purpose=demo;owner=csa;demoTheme=network-watcher-rule-impact;deleteAfter=2026-07-31","/subscriptions/1acecba7-23bd-4d4d-9770-0b11998514dc/resourceGroups/rg-nwri-jpe-20260709/providers/Microsoft.Network/networkSecurityGroups/vnet-nwri-jpe-snet-workload-nsg-japaneast"
"vnm-nwri-jpe","Microsoft.Network/networkManagers","rg-nwri-jpe-20260709","japaneast","1acecba7-23bd-4d4d-9770-0b11998514dc",,,"purpose=demo;owner=csa;demoTheme=network-watcher-rule-impact;configurationState=undeployed;createdBy=GitHubCopilot;deleteAfter=2026-07-31","/subscriptions/1acecba7-23bd-4d4d-9770-0b11998514dc/resourceGroups/rg-nwri-jpe-20260709/providers/Microsoft.Network/networkManagers/vnm-nwri-jpe"
"vnet-demo-snet-app-nsg-japaneast","Microsoft.Network/networkSecurityGroups","rg-inventory-demo","japaneast","1acecba7-23bd-4d4d-9770-0b11998514dc",,,"owner=demo;project=AzureInventoryDemo;env=demo","/subscriptions/1acecba7-23bd-4d4d-9770-0b11998514dc/resourceGroups/rg-inventory-demo/providers/Microsoft.Network/networkSecurityGroups/vnet-demo-snet-app-nsg-japaneast"
"vnet-nwri-jpe-snet-nsg-candidate-nsg-japaneast","Microsoft.Network/networkSecurityGroups","rg-nwri-jpe-20260709","japaneast","1acecba7-23bd-4d4d-9770-0b11998514dc",,,"createdBy=GitHubCopilotBrowserAutomation;owner=csa;purpose=demo;deleteAfter=2026-07-31;demoTheme=network-watcher-rule-impact","/subscriptions/1acecba7-23bd-4d4d-9770-0b11998514dc/resourceGroups/rg-nwri-jpe-20260709/providers/Microsoft.Network/networkSecurityGroups/vnet-nwri-jpe-snet-nsg-candidate-nsg-japaneast"
"nsg-amig-demo-je-001","Microsoft.Network/networkSecurityGroups","rg-migrate-demo-je-001","japaneast","1acecba7-23bd-4d4d-9770-0b11998514dc",,,"","/subscriptions/1acecba7-23bd-4d4d-9770-0b11998514dc/resourceGroups/rg-migrate-demo-je-001/providers/Microsoft.Network/networkSecurityGroups/nsg-amig-demo-je-001"
"pip-vm-amig-appl-001","Microsoft.Network/publicIPAddresses","rg-migrate-demo-je-001","japaneast","1acecba7-23bd-4d4d-9770-0b11998514dc","Standard",,"","/subscriptions/1acecba7-23bd-4d4d-9770-0b11998514dc/resourceGroups/rg-migrate-demo-je-001/providers/Microsoft.Network/publicIPAddresses/pip-vm-amig-appl-001"
"vnet-amig-demo-je-001","Microsoft.Network/virtualNetworks","rg-migrate-demo-je-001","japaneast","1acecba7-23bd-4d4d-9770-0b11998514dc",,,"","/subscriptions/1acecba7-23bd-4d4d-9770-0b11998514dc/resourceGroups/rg-migrate-demo-je-001/providers/Microsoft.Network/virtualNetworks/vnet-amig-demo-je-001"
"nic-vm-amig-win-001","Microsoft.Network/networkInterfaces","rg-migrate-demo-je-001","japaneast","1acecba7-23bd-4d4d-9770-0b11998514dc",,,"","/subscriptions/1acecba7-23bd-4d4d-9770-0b11998514dc/resourceGroups/rg-migrate-demo-je-001/providers/Microsoft.Network/networkInterfaces/nic-vm-amig-win-001"
"nic-vm-amig-ubu-001","Microsoft.Network/networkInterfaces","rg-migrate-demo-je-001","japaneast","1acecba7-23bd-4d4d-9770-0b11998514dc",,,"","/subscriptions/1acecba7-23bd-4d4d-9770-0b11998514dc/resourceGroups/rg-migrate-demo-je-001/providers/Microsoft.Network/networkInterfaces/nic-vm-amig-ubu-001"
"nic-vm-amig-appl-001","Microsoft.Network/networkInterfaces","rg-migrate-demo-je-001","japaneast","1acecba7-23bd-4d4d-9770-0b11998514dc",,,"","/subscriptions/1acecba7-23bd-4d4d-9770-0b11998514dc/resourceGroups/rg-migrate-demo-je-001/providers/Microsoft.Network/networkInterfaces/nic-vm-amig-appl-001"
"vm-amig-ubu-001","Microsoft.Compute/virtualMachines","rg-migrate-demo-je-001","japaneast","1acecba7-23bd-4d4d-9770-0b11998514dc",,,"","/subscriptions/1acecba7-23bd-4d4d-9770-0b11998514dc/resourceGroups/rg-migrate-demo-je-001/providers/Microsoft.Compute/virtualMachines/vm-amig-ubu-001"
"vm-amig-appl-001","Microsoft.Compute/virtualMachines","rg-migrate-demo-je-001","japaneast","1acecba7-23bd-4d4d-9770-0b11998514dc",,,"","/subscriptions/1acecba7-23bd-4d4d-9770-0b11998514dc/resourceGroups/rg-migrate-demo-je-001/providers/Microsoft.Compute/virtualMachines/vm-amig-appl-001"
"vm-amig-win-001","Microsoft.Compute/virtualMachines","rg-migrate-demo-je-001","japaneast","1acecba7-23bd-4d4d-9770-0b11998514dc",,,"","/subscriptions/1acecba7-23bd-4d4d-9770-0b11998514dc/resourceGroups/rg-migrate-demo-je-001/providers/Microsoft.Compute/virtualMachines/vm-amig-win-001"
"vm-amig-win-001_OsDisk_1_e77733f43d73447c939ab324885f5576","Microsoft.Compute/disks","RG-MIGRATE-DEMO-JE-001","japaneast","1acecba7-23bd-4d4d-9770-0b11998514dc","Standard_LRS",,"","/subscriptions/1acecba7-23bd-4d4d-9770-0b11998514dc/resourceGroups/RG-MIGRATE-DEMO-JE-001/providers/Microsoft.Compute/disks/vm-amig-win-001_OsDisk_1_e77733f43d73447c939ab324885f5576"
"vm-amig-ubu-001_OsDisk_1_0c28a750701d4b0c8946f4c29b24cf06","Microsoft.Compute/disks","RG-MIGRATE-DEMO-JE-001","japaneast","1acecba7-23bd-4d4d-9770-0b11998514dc","Standard_LRS",,"","/subscriptions/1acecba7-23bd-4d4d-9770-0b11998514dc/resourceGroups/RG-MIGRATE-DEMO-JE-001/providers/Microsoft.Compute/disks/vm-amig-ubu-001_OsDisk_1_0c28a750701d4b0c8946f4c29b24cf06"
"vm-amig-appl-001_OsDisk_1_3fd7cd07011d42d5aeadf6e73f59f7db","Microsoft.Compute/disks","RG-MIGRATE-DEMO-JE-001","japaneast","1acecba7-23bd-4d4d-9770-0b11998514dc","Standard_LRS",,"","/subscriptions/1acecba7-23bd-4d4d-9770-0b11998514dc/resourceGroups/RG-MIGRATE-DEMO-JE-001/providers/Microsoft.Compute/disks/vm-amig-appl-001_OsDisk_1_3fd7cd07011d42d5aeadf6e73f59f7db"
"stamiguctnhzjq4unu2","Microsoft.Storage/storageAccounts","rg-migrate-demo-je-001","centralus","1acecba7-23bd-4d4d-9770-0b11998514dc","Standard_LRS","StorageV2","","/subscriptions/1acecba7-23bd-4d4d-9770-0b11998514dc/resourceGroups/rg-migrate-demo-je-001/providers/Microsoft.Storage/storageAccounts/stamiguctnhzjq4unu2"
"amig-demo-project","Microsoft.Migrate/migrateprojects","rg-migrate-demo-je-001","japaneast","1acecba7-23bd-4d4d-9770-0b11998514dc",,,"Migrate Project=amig-demo-project","/subscriptions/1acecba7-23bd-4d4d-9770-0b11998514dc/resourceGroups/rg-migrate-demo-je-001/providers/Microsoft.Migrate/migrateprojects/amig-demo-project"
"vm-amig-appl-001/MDE.Windows","Microsoft.Compute/virtualMachines/extensions","RG-MIGRATE-DEMO-JE-001","japaneast","1acecba7-23bd-4d4d-9770-0b11998514dc",,,"","/subscriptions/1acecba7-23bd-4d4d-9770-0b11998514dc/resourceGroups/RG-MIGRATE-DEMO-JE-001/providers/Microsoft.Compute/virtualMachines/vm-amig-appl-001/extensions/MDE.Windows"
"vm-amig-ubu-001/MDE.Linux","Microsoft.Compute/virtualMachines/extensions","RG-MIGRATE-DEMO-JE-001","japaneast","1acecba7-23bd-4d4d-9770-0b11998514dc",,,"","/subscriptions/1acecba7-23bd-4d4d-9770-0b11998514dc/resourceGroups/RG-MIGRATE-DEMO-JE-001/providers/Microsoft.Compute/virtualMachines/vm-amig-ubu-001/extensions/MDE.Linux"
"vm-amig-win-001/MDE.Windows","Microsoft.Compute/virtualMachines/extensions","RG-MIGRATE-DEMO-JE-001","japaneast","1acecba7-23bd-4d4d-9770-0b11998514dc",,,"","/subscriptions/1acecba7-23bd-4d4d-9770-0b11998514dc/resourceGroups/RG-MIGRATE-DEMO-JE-001/providers/Microsoft.Compute/virtualMachines/vm-amig-win-001/extensions/MDE.Windows"
"stamiguctnhzjq4unu2-050514de-a7f0-4a36-ae99-21f6f9f8e74e","Microsoft.EventGrid/systemTopics","rg-migrate-demo-je-001","centralus","1acecba7-23bd-4d4d-9770-0b11998514dc",,,"","/subscriptions/1acecba7-23bd-4d4d-9770-0b11998514dc/resourceGroups/rg-migrate-demo-je-001/providers/Microsoft.EventGrid/systemTopics/stamiguctnhzjq4unu2-050514de-a7f0-4a36-ae99-21f6f9f8e74e"
"test02a4cbproject","Microsoft.Migrate/assessmentProjects","rg-migrate-demo-je-001","japaneast","1acecba7-23bd-4d4d-9770-0b11998514dc",,"Migrate","","/subscriptions/1acecba7-23bd-4d4d-9770-0b11998514dc/resourceGroups/rg-migrate-demo-je-001/providers/Microsoft.Migrate/assessmentProjects/test02a4cbproject"
"test028681rvToolsSite","microsoft.offazure/ImportSites","rg-migrate-demo-je-001","japaneast","1acecba7-23bd-4d4d-9770-0b11998514dc",,,"","/subscriptions/1acecba7-23bd-4d4d-9770-0b11998514dc/resourceGroups/rg-migrate-demo-je-001/providers/microsoft.offazure/ImportSites/test028681rvToolsSite"
"test028545masterSite","microsoft.offazure/MasterSites","rg-migrate-demo-je-001","japaneast","1acecba7-23bd-4d4d-9770-0b11998514dc",,"Migrate","Migrate Project=test02","/subscriptions/1acecba7-23bd-4d4d-9770-0b11998514dc/resourceGroups/rg-migrate-demo-je-001/providers/microsoft.offazure/MasterSites/test028545masterSite"
"amigdemoprojectc059rvToolsSite","microsoft.offazure/ImportSites","rg-migrate-demo-je-001","japaneast","1acecba7-23bd-4d4d-9770-0b11998514dc",,,"","/subscriptions/1acecba7-23bd-4d4d-9770-0b11998514dc/resourceGroups/rg-migrate-demo-je-001/providers/microsoft.offazure/ImportSites/amigdemoprojectc059rvToolsSite"
"amig-demo-projectdfdfproject","Microsoft.Migrate/assessmentProjects","rg-migrate-demo-je-001","japaneast","1acecba7-23bd-4d4d-9770-0b11998514dc",,"Migrate","","/subscriptions/1acecba7-23bd-4d4d-9770-0b11998514dc/resourceGroups/rg-migrate-demo-je-001/providers/Microsoft.Migrate/assessmentProjects/amig-demo-projectdfdfproject"
"amig-demo-proj4709masterSite","microsoft.offazure/MasterSites","rg-migrate-demo-je-001","japaneast","1acecba7-23bd-4d4d-9770-0b11998514dc",,"Migrate","Migrate Project=amig-demo-project","/subscriptions/1acecba7-23bd-4d4d-9770-0b11998514dc/resourceGroups/rg-migrate-demo-je-001/providers/microsoft.offazure/MasterSites/amig-demo-proj4709masterSite"
"NetworkWatcher_australiaeast","Microsoft.Network/networkWatchers","NetworkWatcherRG","australiaeast","1acecba7-23bd-4d4d-9770-0b11998514dc",,,"","/subscriptions/1acecba7-23bd-4d4d-9770-0b11998514dc/resourceGroups/NetworkWatcherRG/providers/Microsoft.Network/networkWatchers/NetworkWatcher_australiaeast"
"ipg-admin-sources-jpe","Microsoft.Network/ipGroups","rg-afwpolicy-rcg-demo-jpe","japaneast","1acecba7-23bd-4d4d-9770-0b11998514dc",,,"purpose=azure-firewall-rcg-demo;environment=demo;owner=taizen-amemiya;createdBy=bicep","/subscriptions/1acecba7-23bd-4d4d-9770-0b11998514dc/resourceGroups/rg-afwpolicy-rcg-demo-jpe/providers/Microsoft.Network/ipGroups/ipg-admin-sources-jpe"
"ipg-prj001-prod-jpe","Microsoft.Network/ipGroups","rg-afwpolicy-rcg-demo-jpe","japaneast","1acecba7-23bd-4d4d-9770-0b11998514dc",,,"purpose=azure-firewall-rcg-demo;environment=demo;owner=taizen-amemiya;createdBy=bicep","/subscriptions/1acecba7-23bd-4d4d-9770-0b11998514dc/resourceGroups/rg-afwpolicy-rcg-demo-jpe/providers/Microsoft.Network/ipGroups/ipg-prj001-prod-jpe"
"ipg-shared-dns-jpe","Microsoft.Network/ipGroups","rg-afwpolicy-rcg-demo-jpe","japaneast","1acecba7-23bd-4d4d-9770-0b11998514dc",,,"purpose=azure-firewall-rcg-demo;environment=demo;owner=taizen-amemiya;createdBy=bicep","/subscriptions/1acecba7-23bd-4d4d-9770-0b11998514dc/resourceGroups/rg-afwpolicy-rcg-demo-jpe/providers/Microsoft.Network/ipGroups/ipg-shared-dns-jpe"
"ipg-prj001-nonprod-jpe","Microsoft.Network/ipGroups","rg-afwpolicy-rcg-demo-jpe","japaneast","1acecba7-23bd-4d4d-9770-0b11998514dc",,,"purpose=azure-firewall-rcg-demo;environment=demo;owner=taizen-amemiya;createdBy=bicep","/subscriptions/1acecba7-23bd-4d4d-9770-0b11998514dc/resourceGroups/rg-afwpolicy-rcg-demo-jpe/providers/Microsoft.Network/ipGroups/ipg-prj001-nonprod-jpe"
"afwp-rcg-demo-jpe","Microsoft.Network/firewallPolicies","rg-afwpolicy-rcg-demo-jpe","japaneast","1acecba7-23bd-4d4d-9770-0b11998514dc",,,"purpose=azure-firewall-rcg-demo;environment=demo;owner=taizen-amemiya;createdBy=bicep","/subscriptions/1acecba7-23bd-4d4d-9770-0b11998514dc/resourceGroups/rg-afwpolicy-rcg-demo-jpe/providers/Microsoft.Network/firewallPolicies/afwp-rcg-demo-jpe"
"ipg-prj002-prod-jpe","Microsoft.Network/ipGroups","rg-afwpolicy-rcg-pattern-c-demo-jpe","japaneast","1acecba7-23bd-4d4d-9770-0b11998514dc",,,"purpose=azure-firewall-rcg-pattern-c-demo;environment=demo;owner=taizen-amemiya;createdBy=bicep","/subscriptions/1acecba7-23bd-4d4d-9770-0b11998514dc/resourceGroups/rg-afwpolicy-rcg-pattern-c-demo-jpe/providers/Microsoft.Network/ipGroups/ipg-prj002-prod-jpe"
"ipg-prj002-nonprod-jpe","Microsoft.Network/ipGroups","rg-afwpolicy-rcg-pattern-c-demo-jpe","japaneast","1acecba7-23bd-4d4d-9770-0b11998514dc",,,"purpose=azure-firewall-rcg-pattern-c-demo;environment=demo;owner=taizen-amemiya;createdBy=bicep","/subscriptions/1acecba7-23bd-4d4d-9770-0b11998514dc/resourceGroups/rg-afwpolicy-rcg-pattern-c-demo-jpe/providers/Microsoft.Network/ipGroups/ipg-prj002-nonprod-jpe"
"ipg-shared-dns-jpe","Microsoft.Network/ipGroups","rg-afwpolicy-rcg-pattern-c-demo-jpe","japaneast","1acecba7-23bd-4d4d-9770-0b11998514dc",,,"purpose=azure-firewall-rcg-pattern-c-demo;environment=demo;owner=taizen-amemiya;createdBy=bicep","/subscriptions/1acecba7-23bd-4d4d-9770-0b11998514dc/resourceGroups/rg-afwpolicy-rcg-pattern-c-demo-jpe/providers/Microsoft.Network/ipGroups/ipg-shared-dns-jpe"
"ipg-prj001-nonprod-jpe","Microsoft.Network/ipGroups","rg-afwpolicy-rcg-pattern-c-demo-jpe","japaneast","1acecba7-23bd-4d4d-9770-0b11998514dc",,,"purpose=azure-firewall-rcg-pattern-c-demo;environment=demo;owner=taizen-amemiya;createdBy=bicep","/subscriptions/1acecba7-23bd-4d4d-9770-0b11998514dc/resourceGroups/rg-afwpolicy-rcg-pattern-c-demo-jpe/providers/Microsoft.Network/ipGroups/ipg-prj001-nonprod-jpe"
"ipg-admin-sources-jpe","Microsoft.Network/ipGroups","rg-afwpolicy-rcg-pattern-c-demo-jpe","japaneast","1acecba7-23bd-4d4d-9770-0b11998514dc",,,"purpose=azure-firewall-rcg-pattern-c-demo;environment=demo;owner=taizen-amemiya;createdBy=bicep","/subscriptions/1acecba7-23bd-4d4d-9770-0b11998514dc/resourceGroups/rg-afwpolicy-rcg-pattern-c-demo-jpe/providers/Microsoft.Network/ipGroups/ipg-admin-sources-jpe"
"ipg-prj001-prod-jpe","Microsoft.Network/ipGroups","rg-afwpolicy-rcg-pattern-c-demo-jpe","japaneast","1acecba7-23bd-4d4d-9770-0b11998514dc",,,"purpose=azure-firewall-rcg-pattern-c-demo;environment=demo;owner=taizen-amemiya;createdBy=bicep","/subscriptions/1acecba7-23bd-4d4d-9770-0b11998514dc/resourceGroups/rg-afwpolicy-rcg-pattern-c-demo-jpe/providers/Microsoft.Network/ipGroups/ipg-prj001-prod-jpe"
"afwp-rcg-pattern-c-demo-jpe","Microsoft.Network/firewallPolicies","rg-afwpolicy-rcg-pattern-c-demo-jpe","japaneast","1acecba7-23bd-4d4d-9770-0b11998514dc",,,"purpose=azure-firewall-rcg-pattern-c-demo;environment=demo;owner=taizen-amemiya;createdBy=bicep","/subscriptions/1acecba7-23bd-4d4d-9770-0b11998514dc/resourceGroups/rg-afwpolicy-rcg-pattern-c-demo-jpe/providers/Microsoft.Network/firewallPolicies/afwp-rcg-pattern-c-demo-jpe"
"ipg-prj003-prod-jpe","Microsoft.Network/ipGroups","rg-afwpolicy-rcg-pattern-c-demo-jpe","japaneast","1acecba7-23bd-4d4d-9770-0b11998514dc",,,"purpose=azure-firewall-rcg-pattern-c-demo;environment=demo;owner=taizen-amemiya;createdBy=bicep","/subscriptions/1acecba7-23bd-4d4d-9770-0b11998514dc/resourceGroups/rg-afwpolicy-rcg-pattern-c-demo-jpe/providers/Microsoft.Network/ipGroups/ipg-prj003-prod-jpe"
"vnet-avnm-capture-b","Microsoft.Network/virtualNetworks","rg-avnm-capture-jpe-20260910","japaneast","1acecba7-23bd-4d4d-9770-0b11998514dc",,,"purpose=avnm-screenshots;expiresOn=2026-09-17;environment=demo;owner=tamemiya","/subscriptions/1acecba7-23bd-4d4d-9770-0b11998514dc/resourceGroups/rg-avnm-capture-jpe-20260910/providers/Microsoft.Network/virtualNetworks/vnet-avnm-capture-b"
"vnet-avnm-capture-a","Microsoft.Network/virtualNetworks","rg-avnm-capture-jpe-20260910","japaneast","1acecba7-23bd-4d4d-9770-0b11998514dc",,,"purpose=avnm-screenshots;expiresOn=2026-09-17;environment=demo;owner=tamemiya","/subscriptions/1acecba7-23bd-4d4d-9770-0b11998514dc/resourceGroups/rg-avnm-capture-jpe-20260910/providers/Microsoft.Network/virtualNetworks/vnet-avnm-capture-a"
"AVNM_Managed_9CD18C52828949CB80406C3F7717BFB6","Microsoft.Network/routeTables","AVNM_Managed_ResourceGroup_1acecba7-23bd-4d4d-9770-0b11998514dc","japaneast","1acecba7-23bd-4d4d-9770-0b11998514dc",,,"","/subscriptions/1acecba7-23bd-4d4d-9770-0b11998514dc/resourceGroups/AVNM_Managed_ResourceGroup_1acecba7-23bd-4d4d-9770-0b11998514dc/providers/Microsoft.Network/routeTables/AVNM_Managed_9CD18C52828949CB80406C3F7717BFB6"
"vnet-avnm-capture-a-snet-demo-nsg-japaneast","Microsoft.Network/networkSecurityGroups","rg-avnm-capture-jpe-20260910","japaneast","1acecba7-23bd-4d4d-9770-0b11998514dc",,,"environment=demo;owner=tamemiya;purpose=avnm-screenshots;expiresOn=2026-09-17","/subscriptions/1acecba7-23bd-4d4d-9770-0b11998514dc/resourceGroups/rg-avnm-capture-jpe-20260910/providers/Microsoft.Network/networkSecurityGroups/vnet-avnm-capture-a-snet-demo-nsg-japaneast"
"vnet-avnm-capture-b-snet-demo-nsg-japaneast","Microsoft.Network/networkSecurityGroups","rg-avnm-capture-jpe-20260910","japaneast","1acecba7-23bd-4d4d-9770-0b11998514dc",,,"environment=demo;owner=tamemiya;purpose=avnm-screenshots;expiresOn=2026-09-17","/subscriptions/1acecba7-23bd-4d4d-9770-0b11998514dc/resourceGroups/rg-avnm-capture-jpe-20260910/providers/Microsoft.Network/networkSecurityGroups/vnet-avnm-capture-b-snet-demo-nsg-japaneast"
"pip-nat-srepoc-6h2ve7","Microsoft.Network/publicIPAddresses","rg-srepoc-workload-aue","australiaeast","1acecba7-23bd-4d4d-9770-0b11998514dc","Standard",,"purpose=sre-agent-poc;environment=demo;lifecycle=manual-retention;createdBy=bicep","/subscriptions/1acecba7-23bd-4d4d-9770-0b11998514dc/resourceGroups/rg-srepoc-workload-aue/providers/Microsoft.Network/publicIPAddresses/pip-nat-srepoc-6h2ve7"
"nsg-srepoc-6h2ve7","Microsoft.Network/networkSecurityGroups","rg-srepoc-workload-aue","australiaeast","1acecba7-23bd-4d4d-9770-0b11998514dc",,,"purpose=sre-agent-poc;environment=demo;lifecycle=manual-retention;createdBy=bicep","/subscriptions/1acecba7-23bd-4d4d-9770-0b11998514dc/resourceGroups/rg-srepoc-workload-aue/providers/Microsoft.Network/networkSecurityGroups/nsg-srepoc-6h2ve7"
"id-srepoc-agent-6h2ve7","Microsoft.ManagedIdentity/userAssignedIdentities","rg-srepoc-agent-aue","australiaeast","1acecba7-23bd-4d4d-9770-0b11998514dc",,,"purpose=sre-agent-poc;environment=demo;lifecycle=manual-retention;createdBy=bicep","/subscriptions/1acecba7-23bd-4d4d-9770-0b11998514dc/resourceGroups/rg-srepoc-agent-aue/providers/Microsoft.ManagedIdentity/userAssignedIdentities/id-srepoc-agent-6h2ve7"
"vnet-srepoc-6h2ve7","Microsoft.Network/virtualNetworks","rg-srepoc-workload-aue","australiaeast","1acecba7-23bd-4d4d-9770-0b11998514dc",,,"purpose=sre-agent-poc;environment=demo;lifecycle=manual-retention;createdBy=bicep","/subscriptions/1acecba7-23bd-4d4d-9770-0b11998514dc/resourceGroups/rg-srepoc-workload-aue/providers/Microsoft.Network/virtualNetworks/vnet-srepoc-6h2ve7"
"law-srepoc-agent-6h2ve7","Microsoft.OperationalInsights/workspaces","rg-srepoc-agent-aue","australiaeast","1acecba7-23bd-4d4d-9770-0b11998514dc",,,"purpose=sre-agent-poc;environment=demo;lifecycle=manual-retention;createdBy=bicep","/subscriptions/1acecba7-23bd-4d4d-9770-0b11998514dc/resourceGroups/rg-srepoc-agent-aue/providers/Microsoft.OperationalInsights/workspaces/law-srepoc-agent-6h2ve7"
"nat-srepoc-6h2ve7","Microsoft.Network/natGateways","rg-srepoc-workload-aue","australiaeast","1acecba7-23bd-4d4d-9770-0b11998514dc","Standard",,"purpose=sre-agent-poc;environment=demo;lifecycle=manual-retention;createdBy=bicep","/subscriptions/1acecba7-23bd-4d4d-9770-0b11998514dc/resourceGroups/rg-srepoc-workload-aue/providers/Microsoft.Network/natGateways/nat-srepoc-6h2ve7"
"appi-srepoc-agent-6h2ve7","Microsoft.Insights/components","rg-srepoc-agent-aue","australiaeast","1acecba7-23bd-4d4d-9770-0b11998514dc",,"web","purpose=sre-agent-poc;environment=demo;lifecycle=manual-retention;createdBy=bicep","/subscriptions/1acecba7-23bd-4d4d-9770-0b11998514dc/resourceGroups/rg-srepoc-agent-aue/providers/Microsoft.Insights/components/appi-srepoc-agent-6h2ve7"
"nic-srepoc-6h2ve7","Microsoft.Network/networkInterfaces","rg-srepoc-workload-aue","australiaeast","1acecba7-23bd-4d4d-9770-0b11998514dc",,,"purpose=sre-agent-poc;environment=demo;lifecycle=manual-retention;createdBy=bicep","/subscriptions/1acecba7-23bd-4d4d-9770-0b11998514dc/resourceGroups/rg-srepoc-workload-aue/providers/Microsoft.Network/networkInterfaces/nic-srepoc-6h2ve7"
"vm-srepoc-6h2ve7","Microsoft.Compute/virtualMachines","rg-srepoc-workload-aue","australiaeast","1acecba7-23bd-4d4d-9770-0b11998514dc",,,"purpose=sre-agent-poc;environment=demo;lifecycle=manual-retention;createdBy=bicep","/subscriptions/1acecba7-23bd-4d4d-9770-0b11998514dc/resourceGroups/rg-srepoc-workload-aue/providers/Microsoft.Compute/virtualMachines/vm-srepoc-6h2ve7"
"sre-srepoc-6h2ve7","Microsoft.App/agents","rg-srepoc-agent-aue","australiaeast","1acecba7-23bd-4d4d-9770-0b11998514dc",,,"purpose=sre-agent-poc;environment=demo;lifecycle=manual-retention;createdBy=bicep","/subscriptions/1acecba7-23bd-4d4d-9770-0b11998514dc/resourceGroups/rg-srepoc-agent-aue/providers/Microsoft.App/agents/sre-srepoc-6h2ve7"
"vm-srepoc-6h2ve7_OsDisk_1_aa795cc7242a41fca51f83f0dc1d1239","Microsoft.Compute/disks","RG-SREPOC-WORKLOAD-AUE","australiaeast","1acecba7-23bd-4d4d-9770-0b11998514dc","Standard_LRS",,"","/subscriptions/1acecba7-23bd-4d4d-9770-0b11998514dc/resourceGroups/RG-SREPOC-WORKLOAD-AUE/providers/Microsoft.Compute/disks/vm-srepoc-6h2ve7_OsDisk_1_aa795cc7242a41fca51f83f0dc1d1239"
"shutdown-computevm-vm-srepoc-6h2ve7","Microsoft.DevTestLab/schedules","rg-srepoc-workload-aue","australiaeast","1acecba7-23bd-4d4d-9770-0b11998514dc",,,"purpose=sre-agent-poc;environment=demo;lifecycle=manual-retention;createdBy=bicep","/subscriptions/1acecba7-23bd-4d4d-9770-0b11998514dc/resourceGroups/rg-srepoc-workload-aue/providers/Microsoft.DevTestLab/schedules/shutdown-computevm-vm-srepoc-6h2ve7"
"vm-srepoc-6h2ve7/AzureMonitorWindowsAgent","Microsoft.Compute/virtualMachines/extensions","rg-srepoc-workload-aue","australiaeast","1acecba7-23bd-4d4d-9770-0b11998514dc",,,"purpose=sre-agent-poc;environment=demo;lifecycle=manual-retention;createdBy=bicep","/subscriptions/1acecba7-23bd-4d4d-9770-0b11998514dc/resourceGroups/rg-srepoc-workload-aue/providers/Microsoft.Compute/virtualMachines/vm-srepoc-6h2ve7/extensions/AzureMonitorWindowsAgent"
"law-srepoc-workload-6h2ve7","Microsoft.OperationalInsights/workspaces","rg-srepoc-workload-aue","australiaeast","1acecba7-23bd-4d4d-9770-0b11998514dc",,,"purpose=sre-agent-poc;environment=demo;lifecycle=manual-retention;createdBy=bicep","/subscriptions/1acecba7-23bd-4d4d-9770-0b11998514dc/resourceGroups/rg-srepoc-workload-aue/providers/Microsoft.OperationalInsights/workspaces/law-srepoc-workload-6h2ve7"
"dcr-srepoc-windows-6h2ve7","Microsoft.Insights/dataCollectionRules","rg-srepoc-workload-aue","australiaeast","1acecba7-23bd-4d4d-9770-0b11998514dc",,"Windows","purpose=sre-agent-poc;environment=demo;lifecycle=manual-retention;createdBy=bicep","/subscriptions/1acecba7-23bd-4d4d-9770-0b11998514dc/resourceGroups/rg-srepoc-workload-aue/providers/Microsoft.Insights/dataCollectionRules/dcr-srepoc-windows-6h2ve7"
"ag-srepoc-6h2ve7","Microsoft.Insights/actiongroups","rg-srepoc-workload-aue","global","1acecba7-23bd-4d4d-9770-0b11998514dc",,,"purpose=sre-agent-poc;environment=demo;lifecycle=manual-retention;createdBy=bicep","/subscriptions/1acecba7-23bd-4d4d-9770-0b11998514dc/resourceGroups/rg-srepoc-workload-aue/providers/Microsoft.Insights/actiongroups/ag-srepoc-6h2ve7"
"alert-srepoc-service-stop-6h2ve7","Microsoft.Insights/scheduledqueryrules","rg-srepoc-workload-aue","australiaeast","1acecba7-23bd-4d4d-9770-0b11998514dc",,"LogAlert","purpose=sre-agent-poc;environment=demo;lifecycle=manual-retention;createdBy=bicep","/subscriptions/1acecba7-23bd-4d4d-9770-0b11998514dc/resourceGroups/rg-srepoc-workload-aue/providers/Microsoft.Insights/scheduledqueryrules/alert-srepoc-service-stop-6h2ve7"
"alert-srepoc-cpu-6h2ve7","Microsoft.Insights/metricalerts","rg-srepoc-workload-aue","global","1acecba7-23bd-4d4d-9770-0b11998514dc",,,"purpose=sre-agent-poc;environment=demo;lifecycle=manual-retention;createdBy=bicep","/subscriptions/1acecba7-23bd-4d4d-9770-0b11998514dc/resourceGroups/rg-srepoc-workload-aue/providers/Microsoft.Insights/metricalerts/alert-srepoc-cpu-6h2ve7"
"Application Insights Smart Detection","microsoft.insights/actiongroups","rg-srepoc-agent-aue","global","1acecba7-23bd-4d4d-9770-0b11998514dc",,,"","/subscriptions/1acecba7-23bd-4d4d-9770-0b11998514dc/resourceGroups/rg-srepoc-agent-aue/providers/microsoft.insights/actiongroups/Application Insights Smart Detection"
"vm-srepoc-6h2ve7/MDE.Windows","Microsoft.Compute/virtualMachines/extensions","RG-SREPOC-WORKLOAD-AUE","australiaeast","1acecba7-23bd-4d4d-9770-0b11998514dc",,,"","/subscriptions/1acecba7-23bd-4d4d-9770-0b11998514dc/resourceGroups/RG-SREPOC-WORKLOAD-AUE/providers/Microsoft.Compute/virtualMachines/vm-srepoc-6h2ve7/extensions/MDE.Windows"
"aoai-gptimage-dev-eus2-260814-b7f3c9","Microsoft.CognitiveServices/accounts","rg-gptimage-dev-eus2-260814","eastus2","1acecba7-23bd-4d4d-9770-0b11998514dc","S0","OpenAI","Environment=Dev;Workload=ImageGeneration;CreatedFor=gpt-image-2-evaluation","/subscriptions/1acecba7-23bd-4d4d-9770-0b11998514dc/resourceGroups/rg-gptimage-dev-eus2-260814/providers/Microsoft.CognitiveServices/accounts/aoai-gptimage-dev-eus2-260814-b7f3c9"
